,0,1,2,3,4,5,6,7
0,4.0,2.0,0.0,1.0,0.0,3.0,1.0,1.0
1,0.0,2.0,0.0,3.0,0.0,3.0,1.0,1.0
2,0.0,3.0,0.0,3.0,0.0,3.0,1.0,1.0
3,3.0,3.0,2.0,2.0,0.0,3.0,4.0,0.0
4,0.0,3.0,0.0,3.0,0.0,3.0,1.0,1.0
5,0.0,3.0,0.0,3.0,0.0,3.0,1.0,1.0
6,0.0,3.0,0.0,3.0,3.0,3.0,1.0,1.0
7,0.0,2.0,0.0,3.0,0.0,3.0,1.0,1.0
8,0.0,3.0,0.0,3.0,0.0,3.0,1.0,1.0
9,0.0,3.0,0.0,3.0,0.0,3.0,1.0,1.0
10,0.0,3.0,0.0,3.0,0.0,3.0,1.0,4.0
11,0.0,3.0,0.0,3.0,0.0,3.0,1.0,1.0
12,0.0,3.0,0.0,3.0,3.0,3.0,4.0,4.0
13,0.0,3.0,0.0,3.0,4.0,3.0,1.0,1.0
14,0.0,3.0,0.0,3.0,0.0,3.0,1.0,1.0
15,0.0,3.0,0.0,3.0,3.0,3.0,1.0,1.0
16,4.0,2.0,0.0,1.0,0.0,3.0,1.0,1.0
17,0.0,3.0,0.0,3.0,0.0,3.0,1.0,1.0
18,4.0,2.0,0.0,1.0,0.0,3.0,1.0,1.0
19,0.0,2.0,0.0,1.0,0.0,3.0,1.0,1.0
20,0.0,3.0,0.0,3.0,3.0,3.0,1.0,4.0
21,0.0,3.0,0.0,3.0,0.0,3.0,1.0,1.0
22,3.0,3.0,0.0,3.0,0.0,3.0,1.0,1.0
23,0.0,3.0,0.0,3.0,0.0,3.0,1.0,1.0
24,0.0,3.0,0.0,3.0,0.0,3.0,1.0,1.0
25,0.0,2.0,0.0,1.0,0.0,3.0,1.0,1.0
26,0.0,0.0,0.0,3.0,4.0,3.0,1.0,1.0
27,0.0,3.0,0.0,3.0,0.0,3.0,1.0,1.0
28,0.0,3.0,0.0,3.0,0.0,3.0,1.0,1.0
29,0.0,3.0,0.0,3.0,0.0,3.0,1.0,3.0
30,0.0,3.0,0.0,3.0,0.0,3.0,1.0,1.0
31,0.0,3.0,0.0,3.0,3.0,3.0,1.0,1.0
32,0.0,3.0,0.0,3.0,0.0,3.0,1.0,1.0
33,0.0,3.0,0.0,3.0,0.0,3.0,1.0,1.0
34,0.0,2.0,0.0,3.0,0.0,3.0,1.0,1.0
35,0.0,3.0,0.0,3.0,0.0,3.0,1.0,1.0
36,0.0,3.0,0.0,3.0,0.0,3.0,1.0,1.0
37,0.0,3.0,0.0,3.0,0.0,3.0,1.0,3.0
38,0.0,2.0,0.0,3.0,0.0,3.0,1.0,1.0
39,0.0,3.0,0.0,3.0,0.0,3.0,1.0,1.0
40,0.0,3.0,0.0,3.0,0.0,3.0,1.0,1.0
41,0.0,3.0,0.0,3.0,0.0,4.0,1.0,1.0
42,0.0,3.0,0.0,3.0,0.0,3.0,1.0,1.0
43,0.0,3.0,0.0,3.0,0.0,3.0,1.0,1.0
44,0.0,3.0,0.0,3.0,0.0,3.0,1.0,1.0
45,3.0,3.0,2.0,3.0,3.0,3.0,1.0,1.0
46,0.0,3.0,0.0,3.0,0.0,3.0,1.0,1.0
47,0.0,3.0,0.0,3.0,3.0,3.0,1.0,1.0
48,0.0,3.0,0.0,3.0,0.0,3.0,1.0,1.0
49,3.0,3.0,2.0,2.0,3.0,2.0,4.0,4.0
50,0.0,3.0,0.0,3.0,0.0,3.0,1.0,1.0
51,0.0,3.0,0.0,3.0,0.0,3.0,1.0,1.0
52,0.0,2.0,0.0,3.0,0.0,3.0,1.0,1.0
53,0.0,2.0,0.0,3.0,4.0,3.0,1.0,1.0
54,0.0,2.0,0.0,1.0,0.0,3.0,1.0,1.0
55,3.0,3.0,0.0,2.0,3.0,3.0,4.0,3.0
56,4.0,2.0,0.0,1.0,0.0,3.0,1.0,1.0
57,0.0,3.0,0.0,3.0,0.0,3.0,1.0,1.0
58,0.0,3.0,0.0,3.0,0.0,3.0,1.0,1.0
59,0.0,2.0,0.0,3.0,0.0,3.0,1.0,1.0
60,0.0,3.0,0.0,3.0,0.0,3.0,1.0,1.0
61,0.0,3.0,0.0,3.0,0.0,3.0,1.0,3.0
62,0.0,3.0,0.0,3.0,4.0,3.0,1.0,1.0
63,4.0,2.0,3.0,1.0,2.0,3.0,3.0,2.0
64,0.0,3.0,0.0,3.0,3.0,3.0,1.0,1.0
65,0.0,3.0,0.0,3.0,4.0,3.0,1.0,1.0
66,0.0,3.0,0.0,3.0,0.0,3.0,1.0,4.0
67,0.0,2.0,0.0,3.0,0.0,3.0,1.0,1.0
68,0.0,3.0,0.0,3.0,0.0,3.0,1.0,1.0
69,0.0,2.0,0.0,3.0,0.0,3.0,1.0,1.0
70,0.0,3.0,0.0,3.0,0.0,3.0,1.0,1.0
71,3.0,3.0,2.0,2.0,4.0,2.0,4.0,4.0
72,0.0,2.0,0.0,1.0,0.0,3.0,1.0,1.0
73,0.0,3.0,0.0,3.0,0.0,3.0,1.0,1.0
74,0.0,3.0,2.0,3.0,4.0,3.0,1.0,1.0
75,3.0,3.0,2.0,2.0,4.0,3.0,1.0,1.0
76,0.0,3.0,0.0,3.0,0.0,3.0,1.0,1.0
77,0.0,3.0,0.0,3.0,3.0,3.0,4.0,4.0
78,4.0,2.0,0.0,1.0,0.0,3.0,1.0,1.0
79,3.0,3.0,2.0,3.0,3.0,3.0,4.0,3.0
80,0.0,3.0,0.0,3.0,0.0,3.0,1.0,1.0
81,0.0,3.0,0.0,3.0,0.0,3.0,1.0,1.0
82,0.0,3.0,0.0,3.0,0.0,3.0,1.0,1.0
83,0.0,3.0,0.0,3.0,0.0,3.0,1.0,1.0
84,0.0,3.0,0.0,3.0,3.0,3.0,1.0,1.0
85,0.0,3.0,0.0,3.0,0.0,3.0,1.0,1.0
86,0.0,3.0,0.0,3.0,0.0,3.0,1.0,1.0
87,0.0,2.0,0.0,3.0,0.0,3.0,1.0,1.0
88,0.0,3.0,0.0,3.0,0.0,3.0,1.0,1.0
89,0.0,3.0,0.0,3.0,0.0,3.0,1.0,1.0
90,0.0,3.0,0.0,3.0,0.0,3.0,1.0,1.0
91,3.0,3.0,0.0,3.0,0.0,3.0,4.0,3.0
92,0.0,0.0,0.0,3.0,0.0,3.0,1.0,1.0
93,0.0,3.0,0.0,3.0,0.0,3.0,1.0,1.0
94,0.0,2.0,0.0,3.0,0.0,3.0,1.0,1.0
95,0.0,3.0,0.0,3.0,0.0,3.0,1.0,1.0
96,4.0,2.0,0.0,1.0,0.0,3.0,1.0,1.0
97,0.0,2.0,0.0,3.0,0.0,3.0,1.0,1.0
98,0.0,3.0,0.0,3.0,0.0,3.0,1.0,4.0
99,0.0,3.0,0.0,3.0,0.0,3.0,1.0,1.0
100,1.0,0.0,4.0,0.0,1.0,1.0,0.0,3.0
101,1.0,0.0,4.0,0.0,1.0,1.0,0.0,3.0
102,1.0,0.0,4.0,0.0,1.0,1.0,0.0,3.0
103,1.0,0.0,4.0,0.0,1.0,1.0,0.0,3.0
104,1.0,0.0,0.0,0.0,1.0,1.0,1.0,1.0
105,4.0,2.0,3.0,1.0,1.0,1.0,3.0,1.0
106,4.0,4.0,0.0,4.0,0.0,0.0,4.0,0.0
107,1.0,0.0,4.0,0.0,1.0,1.0,0.0,3.0
108,1.0,0.0,4.0,0.0,1.0,1.0,0.0,3.0
109,1.0,0.0,4.0,0.0,1.0,1.0,0.0,3.0
110,1.0,0.0,4.0,0.0,1.0,1.0,0.0,3.0
111,1.0,0.0,4.0,0.0,1.0,1.0,0.0,3.0
112,1.0,0.0,4.0,0.0,1.0,3.0,0.0,3.0
113,4.0,0.0,4.0,3.0,1.0,1.0,0.0,1.0
114,1.0,0.0,4.0,0.0,1.0,1.0,0.0,3.0
115,3.0,0.0,4.0,0.0,1.0,1.0,0.0,3.0
116,4.0,2.0,4.0,3.0,1.0,1.0,1.0,1.0
117,1.0,0.0,2.0,0.0,1.0,1.0,0.0,3.0
118,1.0,0.0,4.0,0.0,1.0,1.0,0.0,3.0
119,1.0,0.0,4.0,0.0,1.0,1.0,0.0,3.0
120,3.0,0.0,4.0,0.0,4.0,1.0,0.0,3.0
121,4.0,2.0,3.0,1.0,2.0,0.0,3.0,2.0
122,1.0,0.0,4.0,0.0,1.0,1.0,0.0,3.0
123,1.0,0.0,4.0,0.0,1.0,1.0,0.0,3.0
124,1.0,0.0,4.0,0.0,1.0,1.0,0.0,3.0
125,1.0,0.0,4.0,0.0,1.0,1.0,0.0,0.0
126,1.0,0.0,4.0,0.0,1.0,1.0,0.0,3.0
127,1.0,0.0,4.0,0.0,1.0,1.0,0.0,1.0
128,1.0,0.0,4.0,0.0,1.0,1.0,0.0,3.0
129,1.0,0.0,4.0,0.0,1.0,1.0,0.0,3.0
130,1.0,0.0,4.0,0.0,1.0,1.0,0.0,4.0
131,3.0,3.0,2.0,2.0,3.0,2.0,4.0,4.0
132,1.0,0.0,4.0,0.0,1.0,1.0,0.0,3.0
133,1.0,0.0,4.0,0.0,1.0,1.0,0.0,3.0
134,1.0,0.0,4.0,0.0,1.0,1.0,0.0,3.0
135,1.0,0.0,4.0,0.0,1.0,1.0,0.0,3.0
136,1.0,0.0,4.0,0.0,1.0,1.0,0.0,3.0
137,1.0,0.0,4.0,0.0,1.0,1.0,0.0,3.0
138,1.0,0.0,4.0,0.0,1.0,1.0,0.0,4.0
139,4.0,0.0,3.0,0.0,1.0,1.0,0.0,1.0
140,4.0,0.0,3.0,1.0,2.0,0.0,3.0,2.0
141,1.0,0.0,4.0,0.0,1.0,1.0,0.0,3.0
142,1.0,0.0,4.0,0.0,1.0,1.0,0.0,3.0
143,4.0,2.0,4.0,3.0,1.0,1.0,0.0,1.0
144,1.0,0.0,4.0,0.0,1.0,1.0,0.0,3.0
145,1.0,0.0,4.0,0.0,1.0,1.0,0.0,3.0
146,1.0,0.0,4.0,0.0,1.0,1.0,0.0,3.0
147,1.0,0.0,4.0,0.0,1.0,1.0,0.0,3.0
148,1.0,0.0,4.0,0.0,1.0,1.0,0.0,3.0
149,4.0,2.0,3.0,1.0,2.0,0.0,3.0,2.0
150,1.0,0.0,4.0,3.0,1.0,3.0,0.0,3.0
151,1.0,0.0,4.0,0.0,1.0,1.0,0.0,3.0
152,1.0,0.0,4.0,0.0,1.0,1.0,0.0,3.0
153,1.0,0.0,4.0,0.0,1.0,1.0,0.0,4.0
154,1.0,0.0,4.0,0.0,1.0,1.0,0.0,3.0
155,1.0,0.0,4.0,3.0,1.0,3.0,0.0,1.0
156,1.0,0.0,4.0,0.0,1.0,1.0,0.0,3.0
157,1.0,0.0,4.0,0.0,1.0,1.0,0.0,3.0
158,1.0,0.0,4.0,0.0,1.0,1.0,0.0,3.0
159,1.0,0.0,4.0,2.0,1.0,4.0,0.0,1.0
160,1.0,0.0,4.0,0.0,1.0,1.0,0.0,3.0
161,1.0,0.0,4.0,0.0,1.0,1.0,0.0,3.0
162,1.0,0.0,4.0,0.0,1.0,1.0,0.0,3.0
163,4.0,2.0,0.0,3.0,1.0,1.0,1.0,1.0
164,1.0,0.0,4.0,0.0,1.0,1.0,0.0,3.0
165,1.0,0.0,4.0,0.0,1.0,1.0,0.0,3.0
166,1.0,0.0,4.0,0.0,1.0,1.0,0.0,3.0
167,1.0,0.0,4.0,3.0,1.0,1.0,0.0,3.0
168,1.0,0.0,4.0,0.0,1.0,1.0,0.0,3.0
169,4.0,2.0,4.0,3.0,1.0,1.0,1.0,1.0
170,1.0,0.0,4.0,0.0,1.0,1.0,0.0,3.0
171,1.0,0.0,4.0,0.0,1.0,1.0,0.0,3.0
172,4.0,2.0,4.0,3.0,1.0,1.0,0.0,1.0
173,1.0,0.0,4.0,0.0,1.0,1.0,0.0,1.0
174,1.0,0.0,4.0,0.0,1.0,1.0,0.0,3.0
175,1.0,0.0,4.0,0.0,1.0,1.0,0.0,3.0
176,1.0,0.0,4.0,3.0,1.0,1.0,0.0,1.0
177,1.0,0.0,4.0,3.0,1.0,1.0,0.0,3.0
178,1.0,0.0,4.0,0.0,1.0,1.0,0.0,3.0
179,1.0,0.0,4.0,3.0,1.0,1.0,0.0,1.0
180,1.0,2.0,4.0,0.0,1.0,1.0,0.0,1.0
181,1.0,0.0,4.0,0.0,1.0,1.0,0.0,3.0
182,3.0,0.0,4.0,0.0,3.0,1.0,0.0,4.0
183,1.0,0.0,4.0,0.0,1.0,1.0,0.0,3.0
184,1.0,0.0,4.0,0.0,1.0,1.0,0.0,3.0
185,3.0,0.0,1.0,0.0,1.0,1.0,0.0,3.0
186,1.0,0.0,4.0,0.0,1.0,1.0,0.0,3.0
187,1.0,0.0,4.0,0.0,1.0,1.0,0.0,3.0
188,1.0,0.0,4.0,0.0,1.0,1.0,0.0,3.0
189,1.0,0.0,4.0,0.0,1.0,1.0,0.0,3.0
190,1.0,0.0,4.0,0.0,1.0,1.0,0.0,3.0
191,4.0,2.0,3.0,1.0,2.0,0.0,3.0,2.0
192,1.0,0.0,4.0,0.0,1.0,1.0,0.0,4.0
193,1.0,0.0,4.0,0.0,1.0,1.0,0.0,3.0
194,4.0,2.0,3.0,1.0,2.0,0.0,3.0,2.0
195,4.0,2.0,3.0,1.0,2.0,0.0,3.0,2.0
196,1.0,0.0,4.0,0.0,1.0,1.0,0.0,3.0
197,1.0,0.0,4.0,0.0,1.0,1.0,0.0,3.0
198,1.0,0.0,4.0,0.0,1.0,1.0,0.0,3.0
199,1.0,0.0,4.0,0.0,3.0,1.0,0.0,3.0
200,2.0,1.0,3.0,4.0,2.0,0.0,3.0,1.0
201,2.0,1.0,3.0,4.0,2.0,0.0,3.0,2.0
202,2.0,1.0,3.0,4.0,2.0,0.0,3.0,2.0
203,2.0,1.0,3.0,4.0,2.0,0.0,3.0,2.0
204,2.0,1.0,3.0,4.0,2.0,0.0,3.0,2.0
205,2.0,0.0,3.0,4.0,2.0,0.0,3.0,2.0
206,2.0,1.0,3.0,4.0,2.0,0.0,3.0,2.0
207,2.0,1.0,3.0,4.0,2.0,0.0,3.0,2.0
208,2.0,0.0,4.0,4.0,0.0,3.0,0.0,1.0
209,0.0,2.0,0.0,3.0,0.0,3.0,1.0,1.0
210,2.0,1.0,3.0,4.0,2.0,0.0,3.0,2.0
211,4.0,2.0,0.0,3.0,0.0,3.0,3.0,1.0
212,2.0,1.0,3.0,4.0,2.0,0.0,3.0,2.0
213,2.0,1.0,3.0,4.0,2.0,0.0,3.0,1.0
214,1.0,0.0,4.0,0.0,1.0,1.0,2.0,0.0
215,2.0,1.0,3.0,4.0,2.0,0.0,3.0,2.0
216,0.0,2.0,0.0,3.0,0.0,3.0,1.0,1.0
217,3.0,3.0,2.0,2.0,3.0,2.0,4.0,4.0
218,2.0,1.0,3.0,4.0,2.0,0.0,3.0,2.0
219,2.0,1.0,3.0,4.0,2.0,0.0,3.0,2.0
220,2.0,0.0,3.0,4.0,0.0,0.0,3.0,1.0
221,4.0,0.0,3.0,1.0,2.0,0.0,3.0,2.0
222,2.0,0.0,3.0,4.0,0.0,0.0,3.0,2.0
223,2.0,1.0,3.0,4.0,2.0,0.0,3.0,2.0
224,0.0,0.0,4.0,3.0,4.0,3.0,1.0,1.0
225,2.0,1.0,3.0,4.0,2.0,0.0,3.0,2.0
226,0.0,3.0,4.0,3.0,0.0,3.0,1.0,1.0
227,2.0,0.0,3.0,0.0,2.0,1.0,0.0,2.0
228,2.0,1.0,3.0,4.0,2.0,0.0,3.0,2.0
229,2.0,1.0,3.0,4.0,2.0,0.0,3.0,2.0
230,2.0,1.0,3.0,4.0,2.0,0.0,3.0,2.0
231,2.0,1.0,3.0,4.0,2.0,0.0,3.0,2.0
232,0.0,1.0,3.0,4.0,4.0,3.0,1.0,1.0
233,2.0,1.0,3.0,4.0,2.0,0.0,3.0,2.0
234,0.0,3.0,0.0,3.0,0.0,3.0,1.0,1.0
235,2.0,0.0,4.0,3.0,1.0,0.0,2.0,1.0
236,2.0,1.0,3.0,4.0,2.0,0.0,3.0,1.0
237,2.0,3.0,2.0,2.0,0.0,3.0,1.0,1.0
238,2.0,1.0,3.0,4.0,2.0,0.0,3.0,2.0
239,2.0,1.0,3.0,4.0,2.0,0.0,3.0,2.0
240,4.0,2.0,3.0,1.0,2.0,0.0,3.0,2.0
241,1.0,0.0,4.0,0.0,1.0,1.0,0.0,3.0
242,2.0,1.0,3.0,4.0,2.0,0.0,3.0,2.0
243,0.0,3.0,0.0,3.0,0.0,3.0,1.0,1.0
244,2.0,1.0,3.0,4.0,2.0,0.0,3.0,2.0
245,2.0,1.0,3.0,4.0,2.0,0.0,3.0,2.0
246,3.0,0.0,4.0,2.0,0.0,3.0,1.0,1.0
247,0.0,1.0,3.0,3.0,4.0,3.0,3.0,1.0
248,3.0,0.0,4.0,2.0,1.0,3.0,2.0,0.0
249,2.0,0.0,4.0,3.0,0.0,3.0,1.0,1.0
250,3.0,3.0,0.0,3.0,0.0,3.0,1.0,1.0
251,0.0,0.0,4.0,3.0,0.0,3.0,2.0,0.0
252,2.0,1.0,3.0,4.0,2.0,0.0,3.0,2.0
253,0.0,1.0,3.0,3.0,1.0,0.0,3.0,1.0
254,2.0,1.0,4.0,2.0,0.0,0.0,3.0,1.0
255,2.0,1.0,3.0,4.0,2.0,0.0,3.0,0.0
256,2.0,1.0,3.0,4.0,2.0,0.0,3.0,2.0
257,2.0,1.0,3.0,2.0,2.0,0.0,3.0,0.0
258,4.0,2.0,0.0,1.0,1.0,4.0,3.0,1.0
259,2.0,1.0,3.0,4.0,2.0,0.0,3.0,2.0
260,2.0,1.0,3.0,2.0,1.0,2.0,3.0,0.0
261,0.0,1.0,3.0,4.0,2.0,0.0,3.0,1.0
262,4.0,0.0,0.0,1.0,0.0,3.0,1.0,1.0
263,3.0,3.0,2.0,0.0,3.0,3.0,4.0,3.0
264,2.0,1.0,3.0,4.0,2.0,0.0,3.0,2.0
265,2.0,1.0,3.0,3.0,1.0,0.0,3.0,1.0
266,3.0,0.0,3.0,4.0,0.0,3.0,1.0,1.0
267,3.0,3.0,2.0,2.0,1.0,4.0,2.0,0.0
268,4.0,2.0,3.0,1.0,2.0,0.0,3.0,2.0
269,2.0,1.0,3.0,4.0,2.0,0.0,3.0,2.0
270,2.0,1.0,3.0,3.0,2.0,0.0,3.0,2.0
271,2.0,1.0,3.0,3.0,0.0,0.0,3.0,1.0
272,0.0,0.0,3.0,3.0,0.0,3.0,1.0,1.0
273,2.0,1.0,3.0,4.0,2.0,0.0,3.0,1.0
274,2.0,3.0,2.0,2.0,1.0,4.0,4.0,4.0
275,2.0,1.0,3.0,4.0,2.0,0.0,3.0,2.0
276,2.0,0.0,3.0,4.0,2.0,0.0,3.0,2.0
277,0.0,2.0,0.0,3.0,0.0,3.0,1.0,1.0
278,2.0,1.0,3.0,4.0,2.0,0.0,3.0,1.0
279,2.0,1.0,3.0,4.0,2.0,0.0,3.0,2.0
280,2.0,1.0,3.0,4.0,2.0,0.0,3.0,2.0
281,2.0,1.0,3.0,4.0,2.0,0.0,3.0,2.0
282,2.0,1.0,3.0,4.0,2.0,0.0,3.0,1.0
283,2.0,1.0,3.0,4.0,2.0,0.0,3.0,2.0
284,2.0,1.0,3.0,4.0,2.0,0.0,3.0,2.0
285,0.0,3.0,0.0,3.0,0.0,3.0,1.0,1.0
286,2.0,0.0,3.0,4.0,2.0,0.0,3.0,2.0
287,4.0,3.0,0.0,3.0,0.0,3.0,1.0,1.0
288,2.0,1.0,3.0,4.0,2.0,0.0,3.0,2.0
289,2.0,1.0,3.0,4.0,2.0,0.0,3.0,2.0
290,0.0,3.0,0.0,3.0,0.0,3.0,1.0,1.0
291,2.0,1.0,3.0,4.0,4.0,0.0,3.0,1.0
292,2.0,1.0,3.0,4.0,2.0,0.0,3.0,2.0
293,3.0,3.0,2.0,2.0,0.0,3.0,1.0,1.0
294,2.0,1.0,3.0,4.0,2.0,0.0,3.0,1.0
295,1.0,1.0,3.0,4.0,2.0,0.0,3.0,2.0
296,1.0,0.0,3.0,4.0,1.0,4.0,1.0,1.0
297,2.0,0.0,3.0,4.0,2.0,0.0,3.0,2.0
298,2.0,1.0,3.0,4.0,2.0,0.0,3.0,2.0
299,2.0,1.0,3.0,2.0,1.0,0.0,3.0,1.0
300,3.0,4.0,1.0,2.0,4.0,4.0,2.0,0.0
301,3.0,4.0,1.0,2.0,0.0,4.0,2.0,0.0
302,3.0,4.0,1.0,2.0,3.0,4.0,2.0,0.0
303,3.0,4.0,1.0,2.0,3.0,4.0,2.0,0.0
304,3.0,4.0,1.0,2.0,3.0,4.0,2.0,0.0
305,3.0,4.0,1.0,2.0,3.0,4.0,4.0,4.0
306,3.0,4.0,1.0,2.0,4.0,4.0,2.0,0.0
307,3.0,4.0,1.0,2.0,3.0,4.0,2.0,0.0
308,3.0,4.0,1.0,2.0,4.0,4.0,2.0,0.0
309,3.0,4.0,1.0,2.0,4.0,4.0,2.0,0.0
310,3.0,3.0,1.0,2.0,3.0,2.0,4.0,4.0
311,3.0,4.0,1.0,2.0,3.0,4.0,4.0,0.0
312,3.0,4.0,1.0,2.0,4.0,4.0,2.0,0.0
313,3.0,4.0,1.0,2.0,3.0,4.0,2.0,0.0
314,3.0,4.0,1.0,2.0,4.0,4.0,2.0,0.0
315,3.0,4.0,1.0,2.0,3.0,4.0,2.0,0.0
316,3.0,4.0,1.0,2.0,4.0,4.0,2.0,0.0
317,3.0,4.0,1.0,2.0,3.0,2.0,2.0,4.0
318,3.0,4.0,1.0,2.0,3.0,4.0,2.0,0.0
319,3.0,4.0,1.0,2.0,4.0,4.0,2.0,0.0
320,3.0,4.0,1.0,2.0,4.0,4.0,4.0,0.0
321,3.0,4.0,1.0,2.0,4.0,4.0,2.0,0.0
322,3.0,3.0,1.0,2.0,3.0,4.0,4.0,4.0
323,3.0,4.0,1.0,2.0,0.0,4.0,2.0,0.0
324,3.0,3.0,2.0,2.0,3.0,2.0,4.0,4.0
325,3.0,4.0,1.0,2.0,4.0,4.0,2.0,0.0
326,3.0,3.0,1.0,2.0,3.0,2.0,4.0,4.0
327,3.0,4.0,1.0,2.0,4.0,4.0,2.0,0.0
328,3.0,4.0,1.0,2.0,1.0,4.0,2.0,0.0
329,3.0,4.0,1.0,2.0,3.0,4.0,2.0,0.0
330,3.0,4.0,1.0,2.0,4.0,4.0,2.0,0.0
331,3.0,4.0,1.0,2.0,3.0,4.0,2.0,0.0
332,3.0,3.0,1.0,2.0,3.0,4.0,4.0,4.0
333,3.0,4.0,1.0,2.0,4.0,4.0,2.0,0.0
334,3.0,4.0,1.0,2.0,4.0,4.0,2.0,0.0
335,3.0,4.0,1.0,2.0,3.0,4.0,2.0,4.0
336,3.0,4.0,1.0,2.0,4.0,4.0,2.0,0.0
337,3.0,4.0,1.0,2.0,1.0,4.0,2.0,0.0
338,3.0,4.0,1.0,2.0,3.0,4.0,2.0,0.0
339,3.0,4.0,1.0,2.0,3.0,4.0,4.0,3.0
340,3.0,4.0,1.0,2.0,3.0,4.0,2.0,0.0
341,3.0,4.0,1.0,2.0,1.0,4.0,2.0,0.0
342,3.0,4.0,1.0,2.0,4.0,4.0,2.0,0.0
343,3.0,4.0,1.0,2.0,4.0,4.0,4.0,0.0
344,3.0,4.0,1.0,2.0,3.0,4.0,2.0,0.0
345,3.0,4.0,1.0,2.0,4.0,4.0,4.0,4.0
346,3.0,4.0,1.0,2.0,4.0,4.0,2.0,0.0
347,3.0,4.0,1.0,2.0,3.0,4.0,2.0,0.0
348,3.0,4.0,1.0,2.0,3.0,4.0,2.0,0.0
349,3.0,4.0,1.0,2.0,4.0,4.0,2.0,0.0
350,3.0,4.0,1.0,2.0,0.0,4.0,2.0,0.0
351,3.0,4.0,1.0,2.0,4.0,2.0,2.0,4.0
352,3.0,4.0,1.0,2.0,1.0,4.0,2.0,0.0
353,3.0,4.0,1.0,2.0,1.0,4.0,2.0,0.0
354,3.0,4.0,1.0,2.0,4.0,4.0,2.0,4.0
355,3.0,4.0,1.0,2.0,4.0,4.0,2.0,0.0
356,3.0,4.0,1.0,2.0,4.0,4.0,4.0,0.0
357,3.0,4.0,1.0,2.0,4.0,4.0,2.0,0.0
358,3.0,4.0,1.0,2.0,3.0,4.0,2.0,0.0
359,3.0,4.0,1.0,2.0,4.0,2.0,2.0,4.0
360,3.0,4.0,1.0,2.0,4.0,4.0,2.0,0.0
361,1.0,4.0,1.0,2.0,4.0,4.0,2.0,0.0
362,3.0,4.0,1.0,2.0,4.0,4.0,2.0,0.0
363,3.0,4.0,1.0,2.0,1.0,4.0,2.0,0.0
364,3.0,4.0,1.0,2.0,4.0,4.0,2.0,0.0
365,3.0,4.0,1.0,2.0,3.0,2.0,4.0,4.0
366,3.0,4.0,1.0,2.0,4.0,4.0,2.0,0.0
367,3.0,3.0,2.0,2.0,3.0,2.0,4.0,4.0
368,3.0,4.0,1.0,2.0,4.0,4.0,2.0,0.0
369,3.0,4.0,1.0,2.0,4.0,2.0,4.0,4.0
370,3.0,4.0,1.0,2.0,3.0,2.0,2.0,4.0
371,3.0,4.0,1.0,2.0,4.0,4.0,2.0,0.0
372,3.0,4.0,1.0,2.0,1.0,4.0,2.0,0.0
373,3.0,4.0,1.0,2.0,3.0,4.0,2.0,0.0
374,3.0,4.0,1.0,2.0,4.0,4.0,2.0,0.0
375,3.0,4.0,1.0,2.0,3.0,4.0,2.0,0.0
376,3.0,4.0,1.0,2.0,4.0,4.0,4.0,4.0
377,3.0,4.0,1.0,2.0,4.0,4.0,2.0,0.0
378,3.0,4.0,1.0,2.0,4.0,4.0,2.0,4.0
379,3.0,4.0,1.0,2.0,4.0,4.0,2.0,0.0
380,3.0,4.0,1.0,2.0,3.0,4.0,2.0,0.0
381,3.0,4.0,1.0,2.0,3.0,4.0,4.0,0.0
382,3.0,4.0,1.0,2.0,3.0,4.0,2.0,0.0
383,3.0,4.0,1.0,2.0,3.0,4.0,2.0,0.0
384,3.0,4.0,1.0,2.0,4.0,4.0,2.0,0.0
385,3.0,4.0,1.0,2.0,3.0,4.0,2.0,0.0
386,3.0,4.0,1.0,2.0,4.0,4.0,4.0,4.0
387,3.0,4.0,1.0,2.0,3.0,2.0,2.0,4.0
388,3.0,4.0,1.0,2.0,3.0,4.0,2.0,0.0
389,3.0,4.0,1.0,2.0,4.0,2.0,2.0,4.0
390,3.0,3.0,1.0,2.0,3.0,2.0,4.0,4.0
391,3.0,4.0,1.0,2.0,4.0,4.0,2.0,0.0
392,3.0,0.0,2.0,2.0,4.0,2.0,4.0,4.0
393,3.0,4.0,1.0,2.0,3.0,4.0,2.0,0.0
394,3.0,4.0,1.0,2.0,3.0,2.0,4.0,0.0
395,3.0,4.0,1.0,2.0,3.0,4.0,2.0,0.0
396,3.0,4.0,1.0,2.0,3.0,4.0,2.0,0.0
397,3.0,4.0,1.0,2.0,4.0,4.0,4.0,0.0
398,3.0,4.0,1.0,2.0,4.0,4.0,2.0,0.0
399,3.0,4.0,1.0,2.0,3.0,4.0,4.0,4.0
400,3.0,3.0,2.0,2.0,3.0,2.0,4.0,4.0
401,3.0,3.0,2.0,2.0,3.0,2.0,4.0,4.0
402,3.0,3.0,2.0,2.0,3.0,2.0,4.0,4.0
403,3.0,3.0,2.0,2.0,3.0,2.0,4.0,4.0
404,3.0,3.0,2.0,2.0,3.0,4.0,4.0,4.0
405,2.0,4.0,3.0,2.0,4.0,4.0,4.0,4.0
406,3.0,3.0,2.0,2.0,3.0,2.0,4.0,4.0
407,3.0,3.0,2.0,2.0,3.0,2.0,4.0,4.0
408,3.0,3.0,2.0,2.0,3.0,4.0,4.0,4.0
409,3.0,3.0,2.0,2.0,4.0,2.0,4.0,4.0
410,3.0,3.0,2.0,2.0,3.0,2.0,4.0,4.0
411,3.0,3.0,2.0,2.0,4.0,2.0,4.0,4.0
412,3.0,3.0,2.0,2.0,3.0,2.0,4.0,4.0
413,3.0,3.0,2.0,2.0,3.0,2.0,4.0,4.0
414,3.0,3.0,2.0,2.0,3.0,4.0,4.0,4.0
415,3.0,3.0,2.0,2.0,3.0,2.0,4.0,4.0
416,3.0,3.0,2.0,2.0,3.0,2.0,4.0,4.0
417,3.0,3.0,2.0,2.0,4.0,2.0,4.0,4.0
418,3.0,3.0,2.0,2.0,3.0,2.0,4.0,4.0
419,3.0,3.0,2.0,2.0,4.0,2.0,4.0,4.0
420,3.0,3.0,2.0,2.0,3.0,4.0,4.0,4.0
421,3.0,3.0,2.0,2.0,4.0,2.0,4.0,4.0
422,3.0,3.0,2.0,2.0,3.0,2.0,4.0,4.0
423,3.0,4.0,2.0,2.0,4.0,2.0,4.0,4.0
424,3.0,3.0,2.0,2.0,3.0,2.0,4.0,4.0
425,3.0,3.0,2.0,2.0,3.0,2.0,4.0,4.0
426,3.0,3.0,2.0,2.0,3.0,2.0,4.0,4.0
427,3.0,3.0,2.0,2.0,4.0,2.0,4.0,4.0
428,3.0,3.0,2.0,2.0,3.0,2.0,4.0,4.0
429,3.0,3.0,2.0,2.0,3.0,2.0,4.0,4.0
430,3.0,3.0,2.0,2.0,3.0,2.0,4.0,4.0
431,3.0,3.0,2.0,2.0,3.0,2.0,4.0,4.0
432,3.0,3.0,2.0,2.0,4.0,2.0,4.0,4.0
433,3.0,3.0,2.0,2.0,3.0,2.0,4.0,4.0
434,3.0,3.0,2.0,2.0,3.0,2.0,4.0,4.0
435,3.0,3.0,2.0,2.0,3.0,2.0,4.0,4.0
436,3.0,3.0,2.0,2.0,3.0,2.0,4.0,4.0
437,3.0,3.0,2.0,2.0,4.0,2.0,4.0,4.0
438,3.0,3.0,2.0,2.0,4.0,2.0,4.0,4.0
439,3.0,3.0,2.0,2.0,3.0,2.0,4.0,4.0
440,3.0,3.0,2.0,2.0,4.0,2.0,4.0,0.0
441,3.0,3.0,2.0,2.0,3.0,2.0,4.0,4.0
442,3.0,3.0,2.0,2.0,4.0,2.0,4.0,4.0
443,3.0,3.0,2.0,2.0,3.0,2.0,4.0,4.0
444,3.0,3.0,2.0,2.0,4.0,2.0,4.0,4.0
445,3.0,3.0,2.0,2.0,3.0,4.0,4.0,4.0
446,3.0,3.0,2.0,2.0,3.0,2.0,4.0,4.0
447,3.0,3.0,2.0,2.0,3.0,2.0,4.0,0.0
448,3.0,3.0,2.0,2.0,4.0,2.0,4.0,4.0
449,3.0,3.0,2.0,2.0,3.0,2.0,4.0,4.0
450,3.0,3.0,2.0,2.0,3.0,2.0,4.0,4.0
451,3.0,3.0,2.0,2.0,4.0,2.0,4.0,4.0
452,3.0,3.0,2.0,2.0,3.0,2.0,4.0,4.0
453,3.0,3.0,2.0,2.0,3.0,2.0,4.0,4.0
454,3.0,3.0,2.0,2.0,3.0,2.0,4.0,4.0
455,3.0,3.0,2.0,2.0,3.0,2.0,4.0,4.0
456,3.0,3.0,2.0,2.0,4.0,2.0,4.0,4.0
457,3.0,3.0,2.0,2.0,3.0,2.0,4.0,4.0
458,3.0,3.0,2.0,2.0,3.0,2.0,4.0,4.0
459,3.0,4.0,2.0,2.0,4.0,4.0,4.0,4.0
460,3.0,3.0,2.0,2.0,3.0,2.0,4.0,4.0
461,3.0,3.0,2.0,2.0,3.0,2.0,4.0,4.0
462,3.0,3.0,2.0,2.0,3.0,2.0,4.0,4.0
463,3.0,3.0,2.0,2.0,3.0,2.0,4.0,4.0
464,3.0,3.0,2.0,2.0,4.0,4.0,4.0,0.0
465,3.0,3.0,2.0,2.0,3.0,2.0,4.0,4.0
466,3.0,3.0,2.0,2.0,3.0,2.0,4.0,4.0
467,3.0,3.0,2.0,2.0,3.0,2.0,4.0,4.0
468,3.0,3.0,2.0,2.0,4.0,2.0,4.0,4.0
469,3.0,3.0,2.0,2.0,4.0,2.0,4.0,4.0
470,3.0,3.0,2.0,2.0,3.0,2.0,4.0,4.0
471,3.0,3.0,2.0,2.0,3.0,2.0,4.0,4.0
472,3.0,3.0,2.0,2.0,3.0,2.0,4.0,4.0
473,3.0,3.0,2.0,2.0,4.0,2.0,4.0,4.0
474,3.0,3.0,2.0,2.0,3.0,2.0,4.0,4.0
475,3.0,3.0,2.0,2.0,3.0,2.0,4.0,4.0
476,3.0,3.0,2.0,2.0,3.0,2.0,4.0,4.0
477,3.0,3.0,2.0,2.0,3.0,2.0,4.0,4.0
478,3.0,3.0,2.0,2.0,4.0,4.0,4.0,0.0
479,3.0,3.0,2.0,2.0,4.0,2.0,4.0,4.0
480,3.0,3.0,2.0,2.0,3.0,2.0,4.0,4.0
481,3.0,4.0,2.0,2.0,4.0,2.0,2.0,4.0
482,3.0,3.0,2.0,2.0,3.0,2.0,4.0,4.0
483,3.0,4.0,2.0,2.0,4.0,2.0,2.0,4.0
484,3.0,3.0,2.0,2.0,3.0,2.0,4.0,4.0
485,3.0,3.0,2.0,2.0,4.0,2.0,4.0,4.0
486,3.0,3.0,2.0,2.0,3.0,2.0,4.0,4.0
487,3.0,3.0,2.0,2.0,4.0,2.0,4.0,4.0
488,3.0,3.0,2.0,2.0,3.0,2.0,4.0,4.0
489,3.0,4.0,2.0,2.0,3.0,2.0,4.0,4.0
490,3.0,3.0,2.0,2.0,3.0,2.0,4.0,4.0
491,3.0,3.0,2.0,2.0,3.0,2.0,4.0,4.0
492,3.0,3.0,2.0,2.0,3.0,2.0,4.0,4.0
493,3.0,3.0,2.0,2.0,3.0,4.0,4.0,4.0
494,3.0,3.0,2.0,2.0,4.0,2.0,4.0,4.0
495,3.0,3.0,2.0,2.0,3.0,2.0,4.0,4.0
496,3.0,0.0,2.0,2.0,4.0,2.0,4.0,4.0
497,3.0,3.0,2.0,2.0,3.0,2.0,4.0,4.0
498,3.0,3.0,2.0,2.0,4.0,2.0,4.0,4.0
499,3.0,3.0,2.0,2.0,3.0,2.0,4.0,4.0
