"CellName","Belonging_Cluster","xChoord","yChoord","extraScore","intraScore","neighbor","silhouetteValue"
"AAACATACAATGCC.1_B","1","-27.4346793683171","-3.55052659277535","26.8156389884722","4.94079910090558","3","0.815749343022197"
"AAACATACACGCAT.1_B","1","-31.3396463730219","-1.53814442361084","30.2520792066068","4.63974976871648","3","0.846630384079412"
"AAACATACGAATAG.1_B","1","-33.3135320037548","-6.40558346530953","33.1702673726775","3.67872096597621","3","0.889095830170896"
"AAACATACGGTGTT.1_B","1","-33.870322401301","-8.10207935492372","34.193897516742","4.61363650953413","3","0.865074272177507"
"AAACATACGTGTCA.1_B","1","-33.632793755386","-2.61382595396408","32.6722994830601","4.56653382808608","3","0.860232248714121"
"AAACATACTCTTAC.1_B","1","-28.6164795415959","-5.55327535573695","28.4553068848805","3.80169745923322","3","0.86639759414251"
"AAACATTGCTGATG.1_B","1","-29.8170354207933","-5.89832366662318","29.6918396805386","3.31013432465471","3","0.888517034974282"
"AAACATTGGCCCTT.1_B","1","-30.5719029946544","-1.92054980999492","29.5485073678723","4.38907853514878","3","0.851461920546249"
"AAACATTGGTGCAT.1_B","1","-31.4802096476592","-4.12501105956327","30.8442266659312","3.27363757290236","3","0.89386546764947"
"AAACATTGTTTGGG.1_B","1","-27.6453538339401","-7.05187645848183","28.0157499454848","4.62458531254348","3","0.834929090902712"
"AAACCGTGACGGTT.1_B","1","-35.250461062396","-4.11258842196399","34.5224251796404","5.02462918498797","3","0.854453180538682"
"AAACCGTGCTCCAC.1_B","1","-27.8974215356196","-7.92533346178714","28.557904532451","4.77724572781599","3","0.832717217666041"
"AAACCGTGCTCGCT.1_B","1","-32.0231499272569","-8.17517336310296","32.4767586559252","3.97733010590176","3","0.87753303375994"
"AAACCGTGGGGACA.1_B","1","-33.1833215188757","-8.71650056845114","33.7447020483459","4.66833872860595","3","0.861657135928548"
"AAACCGTGTGCATG.1_B","1","-32.7445737788408","-2.3393388205626","31.753946589941","4.35075507898042","3","0.862985375167235"
"AAACGCACATCACG.1_B","1","-28.1970967664406","-6.78487046246715","28.4391538045211","4.19142688920827","3","0.852617735463636"
"AAACGCACCCAGTA.1_B","1","-32.7894567828106","-1.30298620239434","31.6595230282219","5.09669030475025","3","0.839015568863531"
"AAACGCACGCCCTT.1_B","1","-33.5102711554953","-2.02329109388811","32.4650590598589","4.86652726235522","3","0.850099540759118"
"AAACGCACGTACCA.1_B","1","-31.0008940326482","-2.75014136428994","30.1059010306509","3.83607978710967","3","0.872580469084644"
"AAACGCACGTGTAC.1_B","1","-27.7779697379893","-4.35253384468755","27.335727620033","4.46125439374193","3","0.836797671686175"
"AAACGCACTCACCC.1_B","1","-34.8181329382467","-7.12272404439738","34.8083971287898","4.76438091848397","3","0.863125529714685"
"AAACGCACTTCACT.1_B","1","-27.4719383771625","-5.86619650559461","27.4694755325015","4.54692028864375","3","0.834473713076032"
"AAACGCACTTCCAT.1_B","1","-29.6273054543249","-8.67259440391895","30.4233969352317","4.39144815780398","3","0.85565556117376"
"AAACGCTGATCTTC.1_B","1","-32.8892638634572","-5.17655559038656","32.4494839842827","3.40701485597214","3","0.895005576741301"
"AAACGCTGCCCTCA.1_B","1","-28.1094800422142","-2.7951746893864","27.3037600583774","4.81760868703854","3","0.82355511926789"
"AAACGCTGCCTACC.1_B","1","-34.6113875995916","-5.60741025945663","34.2192978865668","4.34333082612054","3","0.873073642816454"
"AAACGCTGCTGTAG.1_B","1","-32.3795357292067","-5.079305140175","31.9333175199447","3.24677186494895","3","0.898326509204028"
"AAACGCTGCTTCTA.1_B","1","-30.7359525438875","-9.50950069108523","31.7556451511255","4.81610976878804","3","0.848338468770887"
"AAACGCTGGCCTTC.1_B","1","-27.3763275989882","-5.52023681183178","27.2756132207162","4.61235984511437","3","0.830898033060125"
"AAACGGCTAGCCTA.1_B","1","-31.5716537055345","-8.90854997567804","32.3065526659155","4.38613937502415","3","0.864233754050407"
"AAACGGCTGCATAC.1_B","1","-30.4051237116901","-7.91743728083865","30.8768899641908","3.78826009173939","3","0.877310827090009"
"AAACGGCTGTTACG.1_B","1","-28.154245706489","-8.4268271573275","28.9800195732353","4.87506818950062","3","0.831778298935207"
"AAACGGCTTGTCAG.1_B","1","-30.1554552667254","-9.21022890551674","31.1095729306909","4.64934484136495","3","0.850549383891472"
"AAACTTGAACGCTA.1_B","1","-32.0075099577931","-7.01565704877061","32.0974460437152","3.42960700327981","3","0.893150159093379"
"AAACTTGAACGTAC.1_B","1","-31.8322572188919","-5.54940868906722","31.5224486231551","3.12385857287954","3","0.900900510292691"
"AAACTTGATCCTTA.1_B","1","-28.4729195115928","-9.25386779004079","29.5914382969836","5.23468443555043","3","0.823101385508388"
"AAACTTGATCTTAC.1_B","1","-34.8713410768007","-7.3235624100163","34.9154604795035","4.87395540958173","3","0.860406956040494"
"AAACTTGATGCCCT.1_B","1","-29.1061694037773","-5.0284483644917","28.7762400195838","3.58421816350888","3","0.875445222827248"
"AAACTTGATTTACC.1_B","1","-27.8133655483323","-6.10383065223275","27.8628339543244","4.32094914827795","3","0.844920686985348"
"AAACTTGATTTGGG.1_B","1","-34.388535214457","-7.73643889699262","34.5744391530296","4.72539538281328","3","0.863326911482258"
"AAAGACGAACAGTC.1_B","1","-32.426290006022","-8.20914041632131","32.8663771065028","4.09116898174388","3","0.875521145257765"
"AAAGACGACAATCG.1_B","1","-29.5795108357292","-2.69608009911969","28.7079217653694","4.14853085507414","3","0.85549177369995"
"AAAGACGACAGAGG.1_B","1","-32.4077625530112","-6.32821639838316","32.2816647634713","3.33166245021389","3","0.896793970365993"
"AAAGACGACCAATG.1_B","1","-32.4981092133766","-5.0694681515283","32.0456289815829","3.28056929893428","3","0.897628181964546"
"AAAGACGACCTTAT.1_B","1","-33.9424074538319","-4.55835655896335","33.3334167104473","4.00273017224757","3","0.879918395194302"
"AAAGACGAGTGCTA.1_B","1","-34.6818200583638","-6.47659837205457","34.5037579420796","4.49321764832381","3","0.869775992056678"
"AAAGACGATAAGGA.1_B","1","-33.2202605163751","-7.2647182602751","33.3235240033918","3.89918357395903","3","0.882990059107729"
"AAAGACGATGTCGA.1_B","1","-30.1614983623256","-6.60186092776062","30.2252086510626","3.33554389248999","3","0.889643643787626"
"AAAGACGATTGCTT.1_B","1","-28.3674046951337","-8.26440007511824","29.114417551428","4.66849811278468","3","0.839649956776975"
"AAAGAGACAAACGA.1_B","1","-34.6726904405553","-7.59427901841223","34.8032966833579","4.84541124143049","3","0.860777233676618"
"AAAGAGACCAGTCA.1_B","1","-28.2071095535236","-5.95587015432782","28.1872482661069","4.05226759899684","3","0.85623755959643"
"AAAGAGACCGTCTC.1_B","1","-28.3728110576163","-7.05032518441495","28.6908443737924","4.16076047335529","3","0.854979504292459"
"AAAGAGACGAACTC.1_B","1","-30.2293206805152","-3.27771549229622","29.4518710721687","3.67725315036403","3","0.875143649062115"
"AAAGAGACTGAAGA.1_B","1","-33.1877527139354","-8.2358309914438","33.591547666936","4.36687689514164","3","0.870000723442703"
"AAAGATCTACCAAC.1_B","1","-31.8964327941179","-2.29979072334027","30.9114435819107","4.15883124857639","3","0.865459817897016"
"AAAGATCTAGGAGC.1_B","1","-31.328585343285","-8.69489948634768","32.0053101194685","4.21624629585308","3","0.868264163661755"
"AAAGATCTCCGAAT.1_B","1","-30.1102835329028","-0.916286176668305","28.9571946509144","5.23752106209295","3","0.819128851215303"
"AAAGATCTGGTCTA.1_B","1","-30.4097637174166","-1.67092729423338","29.3519512069873","4.59093555524578","3","0.843590106740403"
"AAAGATCTGTGCAT.1_B","1","-33.3674872065676","-4.21490257470121","32.7009335291778","3.77034837125885","3","0.88470211812471"
"AAAGATCTTCGTAG.1_B","1","-29.7362820695267","-8.33915916763426","30.4027326069228","4.15406957774968","3","0.86336525629266"
"AAAGATCTTCTTAC.1_B","1","-27.3443637445956","-7.65136977961872","27.9498752520812","5.04293143272862","3","0.819572309813687"
"AAAGATCTTGATGC.1_B","1","-30.7988171907645","-8.37003534969659","31.3991214598408","4.00529999906578","3","0.87243910616453"
"AAAGCAGAACCAAC.1_B","1","-30.8759335219508","-7.06776450923151","31.0426052985935","3.37454232302377","3","0.891293198796795"
"AAAGCAGAGTACGT.1_B","1","-29.8559750175013","-1.29768986683903","28.7541495029153","4.99103418837254","3","0.826423863176113"
"AAAGCAGATATCGG.1_B","1","-33.7333611020523","-3.1084980609536","32.8516969890606","4.36557068464451","3","0.86711278001565"
"AAAGCAGATTATCC.1_B","1","-33.8391934760162","-6.14787874775437","33.6073366819321","3.90142578443219","3","0.883911485716461"
"AAAGCCTGAGGGTG.1_B","1","-31.317224144178","-7.4787119536314","31.5875918173553","3.53421979950253","3","0.888113667545852"
"AAAGCCTGATGACC.1_B","1","-32.4942003245019","-6.73094159213227","32.477189266324","3.4531675797332","3","0.893674063004158"
"AAAGCCTGCCTTCG.1_B","1","-27.6861077625541","-8.58531843326205","28.6138168610315","5.25185329617365","3","0.816457436570581"
"AAAGCCTGGAACCT.1_B","1","-32.0116996050602","-2.44321179210918","31.0475395834901","4.08976295576487","3","0.868274168883268"
"AAAGCCTGGTCACA.1_B","1","-34.536706721517","-5.43337339028188","34.105994616343","4.2913052376238","3","0.874177390634798"
"AAAGCCTGTAACCG.1_B","1","-35.236001044777","-6.33379292418844","35.001221799635","4.88270424337764","3","0.860499034252897"
"AAAGCCTGTTCATC.1_B","1","-31.9171456525825","-1.24374137735048","30.7872704891095","4.93159557537816","3","0.839817057601042"
"AAAGGCCTCATTCT.1_B","1","-31.4405244071832","-2.81491613211979","30.5482789427315","3.80492537573914","3","0.875445507654549"
"AAAGGCCTCCTGTC.1_B","1","-31.5802745635613","-4.69753250173068","31.0702492234423","3.15586110474816","3","0.898428201136955"
"AAAGGCCTCGAGTT.1_B","1","-35.3158970448494","-6.25497618428011","35.0585530662259","4.9349505382869","3","0.859236902077369"
"AAAGGCCTGGCATT.1_B","1","-30.3077864877656","-4.9735738035153","29.9114524678206","3.19403666707918","3","0.893216931858612"
"AAAGGCCTGGTTCA.1_B","1","-30.053342970726","-5.15889264047567","29.7151958361573","3.23621597687586","3","0.891092221141008"
"AAAGGCCTTATTCC.1_B","1","-27.1430228435558","-4.3083091168108","26.7206367933062","4.93690220008018","3","0.815240099318406"
"AAAGGCCTTTCCAT.1_B","1","-29.5357982824943","-8.24829270472301","30.1848167198084","4.16058161071202","3","0.862163098443407"
"AAAGTTTGATGGTC.1_B","1","-29.5559631127971","-3.04955036586795","28.7524949677081","3.97529803186019","3","0.861740762451229"
"AAAGTTTGCTTCCG.1_B","1","-31.3173930514526","-3.98202269819105","30.655270348094","3.30830930261457","3","0.892080243786848"
"AAAGTTTGTCCTAT.1_B","1","-29.1935433903026","-2.25910864914256","28.2543031199784","4.55166292629987","3","0.838903727089931"
"AAAGTTTGTGCAGT.1_B","1","-34.960549983398","-5.49572831840268","34.53169485212","4.6018848240373","3","0.866734463983172"
"AAATACTGCCATGA.1_B","1","-29.6301656684107","-7.39653945315744","29.9786572213528","3.72783458122863","3","0.875650381746471"
"AAATACTGGTACAC.1_B","1","-29.4921978255234","-6.45274596710584","29.5483068371536","3.49592659705964","3","0.881687752319401"
"AAATACTGTTACTC.1_B","1","-28.9592119644209","-7.72515332239742","29.4661813994697","4.11702142783705","3","0.860279777280162"
"AAATACTGTTGACG.1_B","1","-29.3349165061013","-4.14217388417735","28.7743604573806","3.64963444903596","3","0.873163664073728"
"AAATCAACACACTG.1_B","1","-33.0510198097782","-4.38266240432323","32.4275221294847","3.58774567844159","3","0.889361090739048"
"AAATCAACACCCAA.1_B","1","-31.8015597972261","-5.7111868891856","31.5350168931295","3.12706875852228","3","0.900838208867313"
"AAATCAACATGTCG.1_B","1","-30.8679896048425","-5.02120187468636","30.4615523085332","3.11314715836342","3","0.897800771056197"
"AAATCAACCCAATG.1_B","1","-30.4544178124252","-9.79988394506473","31.6097578835107","5.07442145635779","3","0.839466614231649"
"AAATCAACGGGAGT.1_B","1","-33.793248346555","-5.23595808147052","33.3390519176509","3.83259899189267","3","0.885041752196212"
"AAATCAACTCCAGA.1_B","1","-30.7182934706503","-6.18726364891862","30.6307022329914","3.16570404452539","3","0.896649315433725"
"AAATCAACTTTACC.1_B","1","-28.7062025126798","-9.15836004173225","29.7655066700494","5.0594317361679","3","0.830023664900057"
"AAATCATGACTGGT.1_B","1","-33.903913684071","-3.79014698516708","33.1415973871212","4.18627030227475","3","0.873685318985212"
"AAATCATGAGTCGT.1_B","1","-34.3781023161473","-2.95078093853599","33.460439121753","4.82552392665093","3","0.855784202081383"
"AAATCATGCATACG.1_B","1","-31.1268537688915","-3.11245690135759","30.2950918697165","3.64732798136361","3","0.879606637370539"
"AAATCATGCCGCTT.1_B","1","-33.3645488464718","-6.9140794595612","33.3597431625059","3.83655015903584","3","0.88499461340734"
"AAATCATGCGTTGA.1_B","1","-31.4187918904032","-6.77178630660874","31.466346306105","3.27989130492146","3","0.895765104946897"
"AAACATACCACTAG.1_M","2","33.506025047051","1.05021895422187","34.9345901887924","4.88224164905107","3","0.860246202326502"
"AAACATACGTTCAG.1_M","2","41.8077777885873","-1.5003511921541","43.3794663357653","5.43318204000416","3","0.874752215761478"
"AAACATTGACGGTT.1_M","2","35.6317370322627","0.345091660839429","37.0892707586793","3.7208861994997","3","0.899677558404705"
"AAACATTGCTTCGC.1_M","2","39.1287703491277","-2.04868433906944","40.7701844802688","4.4959310915506","3","0.889725024577055"
"AAACATTGGGCAAG.1_M","2","39.8971625479377","-1.35840310067458","41.4651426379457","4.34414118890544","3","0.89523390219982"
"AAACATTGTTTGTC.1_M","2","35.7843403372874","4.98066027080622","37.2762891838606","5.00799079618005","3","0.865652110072471"
"AAACGCACGGACTT.1_M","3","-29.3469487491836","-0.444256398729327","5.78930145553292","28.4871972504042","1","-0.796775323151498"
"AAACGGCTACGGAG.1_M","2","40.7579723398815","0.380632828428245","42.2031074765861","4.2894962594667","3","0.898360653611906"
"AAACGGCTAGTCAC.1_M","2","41.5166306413373","-1.12989656236083","43.0577408728471","5.07903714325232","3","0.88204125343568"
"AAACGGCTCAGCTA.1_M","2","34.5266175391145","-0.941917864238068","36.0834582295021","4.6669246902492","3","0.870663042866731"
"AAAGACGACCGTAA.1_M","2","41.0796676572403","-1.11516277732728","42.6213343623962","4.79958620881998","3","0.887390052877966"
"AAAGACGACTCGCT.1_M","2","40.5709193186032","-1.66680541727341","42.1643432947857","4.78137544736864","3","0.886601448670969"
"AAAGACGAGGTAAA.1_M","2","34.2980255573384","-0.768319286693548","35.8402664701376","4.73642540003368","3","0.867846255998679"
"AAAGACGATCAAGC.1_M","2","36.0766685190052","2.06707938820258","37.4786474478595","3.59359426413236","3","0.904116223267347"
"AAAGATCTTGCATG.1_M","2","38.6506452049185","-1.54530263515752","40.2427671821009","4.10723776873211","3","0.897938485438971"
"AAAGCAGAGATAGA.1_M","2","40.8452480600223","-0.936845504144881","42.3734596896717","4.60222066703769","3","0.891389074653268"
"AAAGCCTGCAACCA.1_M","2","33.8948423977395","4.11038040890315","35.3396298489975","5.35533221072687","3","0.848460998782114"
"AAAGCCTGTGCTCC.1_M","2","40.4571773959995","-2.29958182036573","42.1172036673249","5.10001896293479","3","0.878908889507034"
"AAAGGCCTCGCAAT.1_M","2","37.8401820106063","3.66900511101126","39.2606767840028","4.09121480462922","3","0.895793574136851"
"AAATACTGACAGTC.1_M","2","37.6630822810595","-2.42862846013677","39.3596940264369","4.59374596251375","3","0.883288067243911"
"AAATACTGACGGTT.1_M","2","41.5947086031754","0.768471376045406","43.0220112952574","4.82454873783935","3","0.887858596272295"
"AAATACTGTGGATC.1_M","2","37.2838175141483","5.35727059693789","38.7983747383371","5.13034299774774","3","0.867769126094903"
"AAATCAACTTGTCT.1_M","2","37.4784715927885","-0.162525948388338","38.9618928293464","3.4657933304348","3","0.911046587351004"
"AAATCATGTAGCGT.1_M","2","39.234106368873","2.86724819626439","40.6353798183167","4.0745830830818","3","0.899728190032934"
"AAATCCCTGCTGTA.1_M","2","36.3709270473107","0.976170016491976","37.7977619199696","3.43331906695106","3","0.909166075117872"
"AAATCCCTGTTCTT.1_M","2","40.2541536347842","1.18950802517016","41.6690333411561","4.05270978360908","3","0.902740489551836"
"AAATCTGAAACCAC.1_M","2","36.3902826406586","-0.159347253117139","37.8767879143115","3.59831374847579","3","0.904999501102991"
"AAATCTGACTCATT.1_M","2","40.17414972119","0.149903477400011","41.6321406674245","4.01572176217911","3","0.903542750917892"
"AAATCTGAGCTACA.1_M","2","41.0473887411502","-2.50279819698137","42.7262264008894","5.5237470637906","3","0.870717647471071"
"AAATCTGATCACGA.1_M","2","34.9568798829751","1.06011510559119","36.3827431766847","3.94172707770317","3","0.891659431545306"
"AAATGGGAAGTAGA.1_M","2","41.9997355420712","-0.145292955246178","43.4702561546005","5.17760203790431","3","0.880893224565083"
"AAATGGGACGAATC.1_M","5","-6.92306316598475","34.2422672757977","32.6071955672362","4.34980720853418","3","0.866599775513817"
"AAATGGGATAACGC.1_M","2","36.2766892897132","-0.672741434274355","37.8018647231137","3.79827744187396","3","0.899521426530276"
"AAATGGGATAGTCG.1_M","2","35.5179300125477","1.22896694264399","36.9372331494845","3.68789680544434","3","0.900157740821586"
"AAATGTTGAGAACA.1_M","2","39.7932413254302","1.07468152808019","41.2121192497652","3.83402060264066","3","0.906968613300261"
"AAATTGACAGGGTG.1_M","2","42.6462073000134","-0.668203642924614","44.1484407391352","5.8076152898571","3","0.868452538920384"
"AAATTGACTGGGAG.1_M","2","41.969981768962","-1.06466650764697","43.5040478186709","5.37816836175936","3","0.876375449379421"
"AAATTGACTGTCCC.1_M","2","33.7874911232685","0.865353479823505","35.2231477116274","4.68490117722578","3","0.866993682234729"
"AACAAACTCAATCG.1_M","2","37.1042123026134","-1.51636274978555","38.7024037701089","4.05055802084143","3","0.895340918747538"
"AACAAACTCTTGTT.1_M","2","35.7902997996248","3.50098752700917","37.2079892632351","4.13897523024054","3","0.888761115228276"
"AACACGTGAAGAAC.1_M","2","36.7378976453033","4.04610844242793","38.1744345128874","4.24687906506592","3","0.888750701372349"
"AACACTCTGCGTAT.1_M","2","42.6844549254464","-0.307131181273921","44.1630106866422","5.7656854785488","3","0.869445370935892"
"AACAGAGACGCTAA.1_M","2","38.4449019028843","-1.15316285331004","40.0013897145879","3.88153179387617","3","0.902965076424317"
"AACAGAGATCATTC.1_M","2","36.8665515833741","1.16828659867967","38.2860245317066","3.35410218038436","3","0.912393563410934"
"AACAGCACAAGCAA.1_M","2","33.5662786272273","0.0917124452957735","35.0448427766705","4.97556990721281","3","0.858022764179012"
"AACAGCACGTATCG.1_M","2","35.0042072106219","1.39096811466274","36.4193799520624","3.91852769560324","3","0.892405425332308"
"AACATATGACAGTC.1_M","2","41.3146083386124","1.85701617929057","42.714912332836","4.80401907798016","3","0.887532975824764"
"AACATATGCTCCAC.1_M","2","41.1873296063886","-0.591756475113591","42.6887018563772","4.69775025341411","3","0.889953312021075"
"AACATATGGCAGAG.1_M","2","34.8500589841815","2.16316061180493","36.2523530082378","4.08607867427122","3","0.887287904502565"
"AACATATGGTATCG.1_M","2","36.9162434360794","3.9430120829345","38.3481249031176","4.17960019534892","3","0.891009007457125"
"AACATTGATCGATG.1_M","2","33.1895019102284","1.27237160406425","34.6106702721015","5.12803444614884","3","0.851836603976942"
"AACCACGAAATGCC.1_M","2","36.5376263782287","0.190985584258825","38.0016963511609","3.48449213734501","3","0.908306931744678"
"AACCAGTGCTTCGC.1_M","2","40.8550337848972","1.31293486461835","42.2659665048154","4.39557325232256","3","0.896002064644097"
"AACCAGTGGACACT.1_M","2","39.138227814251","1.62741651357518","40.5437384468915","3.6672263789566","3","0.909548884255942"
"AACCAGTGTCCAGA.1_M","2","41.5019098640614","-1.93244337079423","43.1163466060311","5.44606525762953","3","0.873689083460802"
"AACCCAGACCTTTA.1_M","2","37.264033396486","0.627601277808994","38.7039059214719","3.34006086335611","3","0.91370222762186"
"AACCGATGACCTAG.1_M","2","35.0638956762154","0.863029804931864","36.4973437603039","3.90006094210534","3","0.89314123877839"
"AACCGATGGGGATG.1_M","2","34.6032578319337","2.66148111603371","36.0061247692429","4.33628153012361","3","0.879568224630835"
"AACCGCCTTCGTGA.1_M","2","41.0937474292754","0.841428729169944","42.5190009744532","4.48945770592697","3","0.894412907099478"
"AACCGCCTTGAGAA.1_M","2","36.7209380677925","2.20964097652454","38.1214715895848","3.50709815875116","3","0.908002025826586"
"AACCGCCTTTCACT.1_M","2","41.2351689314838","0.41568718696523","42.6778253227628","4.57609594283277","3","0.892775793793972"
"AACCTACTTGATGC.1_M","2","37.4509496824592","3.28180573612257","38.8609820945131","3.86009388907975","3","0.900669162717204"
"AACCTTACGACAGG.1_M","2","35.422607127214","3.2734932925581","36.8345196215489","4.15927971695886","3","0.88708201546558"
"AACCTTACGCCCTT.1_M","2","34.6393231802118","3.89894369280171","36.0730644323671","4.80734681274294","3","0.86673306278827"
"AACCTTTGTTGTGG.1_M","2","35.8345196373221","-0.461632769345776","37.3447602463535","3.85655068343447","3","0.896731143593001"
"AACGCAACTAAGGA.1_M","2","38.4601488264847","0.603928809547697","39.8989773658659","3.43070229254245","3","0.914015282620315"
"AACGCATGCGTTGA.1_M","2","38.1680774643132","-0.538609499991127","39.6755886849482","3.60921400204632","3","0.909031872703742"
"AACGCATGCTGAAC.1_M","2","34.5838501355039","-1.171437171466","36.1624056886715","4.73892856846329","3","0.868954277841426"
"AACGCCCTCCCAAA.1_M","2","38.8444605742537","0.286028301777515","40.2980154957427","3.5417358024693","3","0.912111408988776"
"AACGGTACAAGGCG.1_M","2","35.1334701877952","4.30556921798123","36.5856050066131","4.79658764975787","3","0.868894127925701"
"AACGGTACCTGTGA.1_M","2","37.7468199853121","1.57413714678328","39.1546290214764","3.3774372838487","3","0.913741047527326"
"AACGGTACTATGCG.1_M","2","35.6515455006736","-2.16505161842096","37.3327885723404","4.80285715113681","3","0.87135016336028"
"AACGGTTGGCCATA.1_M","2","36.8663937517138","2.9342901330569","38.2703899278214","3.71502367077163","3","0.902926944884068"
"AACGGTTGTCTACT.1_M","2","34.0879204534365","1.71195442677449","35.4966358814953","4.47930494932032","3","0.873810437578525"
"AACGTCGAAAGTAG.1_M","2","40.0060935711715","-0.365236740069219","41.4955407296732","4.03704597458549","3","0.902711329853846"
"AACGTCGACTCTTA.1_M","2","35.3573098251315","-1.93272415167963","37.0130566413274","4.77077033041888","3","0.871105745827757"
"AACGTCGAGGCATT.1_M","2","35.2995809427243","2.98913650856044","36.7058097483744","4.09799001418893","3","0.888355820446914"
"AACGTGTGATTGGC.1_M","2","33.8155247158999","3.80068560412298","35.2465883121024","5.25581853140944","3","0.850884332836129"
"AACGTGTGCCAACA.1_M","2","36.5525591622004","-1.10090873963962","38.1136049250374","3.92193693277524","3","0.897098767212155"
"AACGTTCTCACTTT.1_M","2","35.2288899207388","-1.05088037983928","36.7921879340956","4.34505732650154","3","0.881902719830507"
"AACGTTCTGCGGAA.1_M","2","36.2846361644991","2.63008472197243","37.6858979355653","3.68555677786889","3","0.902203291422951"
"AACGTTCTGGCAAG.1_M","2","38.1572091875359","-1.46090449488431","39.7438273773743","4.00242925344295","3","0.899294317695193"
"AACTACCTGATACC.1_M","2","42.2251351058198","1.00729566608972","43.6434049556629","5.33048333886323","3","0.877862798645558"
"AACTACCTGTCATG.1_M","2","37.5554996574706","-0.255582879563093","39.044914212453","3.49003032896794","3","0.910614982786802"
"AACTCACTCGTTGA.1_M","2","33.2114866261877","2.13401820850311","34.6154511450294","5.18024664641197","3","0.850348717839668"
"AACTCACTCTTGGA.1_M","2","41.9487790180406","-1.34551751055853","43.506201234442","5.46819251442691","3","0.874312342625355"
"AACTCGGAATACCG.1_M","2","37.3363134661139","-2.27353030677215","39.0167693704639","4.49973122195925","3","0.884671865596192"
"AACTCTTGACTAGC.1_M","2","35.6581085667575","-1.26591240603914","37.2397470003698","4.26807018344621","3","0.885389388295151"
"AACTCTTGGATGAA.1_M","2","34.2089755168148","0.176750885207389","35.6801467935709","4.50207398637812","3","0.873821315466411"
"AACTGTCTAGTGCT.1_M","2","33.557068348667","2.74920216550705","34.9616703142522","5.04968120515051","3","0.855565218716338"
"AACTGTCTCCTTTA.1_M","2","38.3015134922503","1.31279561933802","39.7150318583641","3.41583296512613","3","0.913991433336676"
"AACTGTCTTCTAGG.1_M","2","36.2226566927211","4.6162348334128","37.6897265604558","4.6624279848533","3","0.876294459781379"
"AACTTGCTCCTTAT.1_M","2","41.798700035424","0.532876565737214","43.2352143443212","4.97054259195266","3","0.885034857179897"
"AACTTGCTGGAAAT.1_M","2","36.5930006045704","-2.75033314747045","38.3409169553987","4.94961081623068","3","0.870905257117651"
"AAGAAGACCTTGGA.1_M","2","35.1172905691614","5.45609688326934","36.6484495252795","5.57296194250778","3","0.847934578005445"
"AAGAATCTCTGATG.1_M","2","34.6341527983048","5.29202395818602","36.1537712767499","5.66586300811989","3","0.843284315632003"
"AAGAATCTTACTTC.1_M","2","35.0302799388117","3.07042524038906","36.4382082100971","4.24568176087351","3","0.883482696613578"
"AAGAATCTTCTGGA.1_M","2","40.1305443069495","-1.35149700646977","41.6967794541385","4.43059857443003","3","0.893742427294579"
"AAGACAGACGCAAT.1_M","2","38.8621263216658","2.46032743257156","40.2608149743544","3.79902455097777","3","0.905639651025502"
"AAGAGATGGAAAGT.1_M","2","39.6738322052623","-2.49139647704739","41.3617198904827","4.93520131320761","3","0.880681912496023"
"AAACATACATTCTC.1_S","3","2.37418067248667","1.8231085720878","34.3735644651057","4.35713472698933","1","0.873241696204871"
"AAACATTGCGATAC.1_S","3","-1.28344950727118","2.04844436328631","30.8724407390132","3.1132606000392","1","0.899157289624173"
"AAACATTGCGTCTC.1_S","3","-0.804452757061141","-0.0790768394933487","30.8962894643276","3.89536136859649","1","0.873921385508314"
"AAACATTGGCCAAT.1_S","3","0.392678443355309","2.53213434031553","32.6109188639548","3.27786357802347","1","0.899485703187391"
"AAACATTGGCCATA.1_S","3","-0.502064370168355","1.22649561335242","31.4440902244403","3.28930611809135","1","0.895391913246239"
"AAACATTGGTACGT.1_S","3","-3.95616937696646","1.97057573672437","28.2757080804402","3.93257267001268","1","0.860920453032508"
"AAACATTGTCCCGT.1_S","3","-1.21015025289328","0.183436701128309","30.5453875552373","3.71995670924723","1","0.878215435881434"
"AAACCGTGACCTTT.1_S","3","1.06736181150998","0.961601778583815","32.9224274825057","3.83885261915496","1","0.883397036224171"
"AAACCGTGTCAGTG.1_S","3","-3.81088823854818","3.37816436322576","28.8146091303666","4.02209720591602","1","0.860414653285118"
"AAACCGTGTCGTGA.1_S","1","-32.8450034717323","-3.08490882476525","31.9742980536627","3.97404170930536","3","0.8757113697184"
"AAACGCACAGAGGC.1_S","3","-0.305488308463933","1.82937711804741","31.7682123036535","3.1720200905921","1","0.900151130309989"
"AAACGCACCACAAC.1_S","1","-28.8819914172244","-1.8053275926744","27.8762678287502","4.98216115425464","3","0.821275890127721"
"AAACGCACCAGTTG.1_S","3","-1.77499680642892","1.16335625877045","30.1914367658501","3.32478728232666","1","0.889876480271142"
"AAACGCACTCTCGC.1_S","3","1.99389297036624","1.14049160388493","33.8636106418906","4.27929594098269","1","0.87363143327401"
"AAACGCACTTCTAC.1_S","2","38.3830724956681","5.16885468700881","39.8800291321733","5.15402701334144","3","0.870761703902984"
"AAACGCACTTTCTG.1_S","3","2.81349047455306","3.13932053542722","34.9076775272454","4.65363254589044","2","0.866687420202668"
"AAACGCTGAACCAC.1_S","1","-29.0014964023949","-3.60990794626935","28.3327996576895","3.96916200922928","3","0.85990929039192"
"AAACGCTGAACTGC.1_S","3","-1.51901452942861","4.8565427248433","31.4491249495302","4.03385143958121","1","0.871734064268727"
"AAACGCTGCATCAG.1_S","3","2.32023628857555","4.76572762803598","34.4525813373504","4.87403077735389","5","0.858529300616732"
"AAACGCTGGTAAGA.1_S","3","1.82008672164241","2.53996875965115","33.9947706279121","3.90757530663829","1","0.885053635177938"
"AAACGCTGTCTTTG.1_S","3","-3.45201120558438","2.76608737626624","28.9758855132669","3.70678974258236","1","0.872073288635643"
"AAACGCTGTTTCGT.1_S","2","36.5808650665819","5.35925234373764","38.0981971194087","5.14657014742866","3","0.864913026427521"
"AAACGGCTCAGCTA.1_S","3","-2.26185060308749","0.158454853425445","29.5110204123543","3.8643187775685","1","0.869055060666395"
"AAACGGCTGCTGAT.1_S","3","0.535535864266934","0.341831554441589","32.2855848534586","3.92048680975415","1","0.878568505803785"
"AAACGGCTGGGATG.1_S","1","-29.7344380874653","-0.722036270808235","28.5624148018461","5.48878505718384","3","0.807831897433648"
"AAACTTGAAAACGA.1_S","3","-2.64181284630635","0.722399376499357","29.2530428301999","3.68779111122744","1","0.873934785771404"
"AAACTTGAACCACA.1_S","3","-4.8568517769486","2.76728599431172","27.6371484922755","4.52869212087222","1","0.836137504484662"
"AAACTTGAATCGAC.1_S","2","41.0327763470883","2.68931508442607","42.431135974906","4.89231555019151","3","0.884699868674625"
"AAACTTGAGACAAA.1_S","3","2.33917924338009","3.69824101767767","34.7845056237794","4.41144781123516","1","0.873177791889634"
"AAACTTGAGAGGTG.1_S","3","2.70562095717152","3.04437450170872","34.9729101494115","4.55398526118378","1","0.869785349811376"
"AAACTTGAGTCTTT.1_S","3","-1.88464725285363","1.73751627129604","30.2160959046394","3.21319556424607","1","0.893659472938305"
"AAACTTGAGTTTCT.1_S","3","1.52026373937853","1.7325926493831","33.5221297497478","3.82572098374246","1","0.885874763557609"
"AAACTTGATAAGCC.1_S","3","-4.68442394694362","2.60168840697362","27.7527122905914","4.38551634897929","1","0.841978819833547"
"AAACTTGATTGTCT.1_S","3","0.342758890670989","3.22696301913071","32.7397481671184","3.35216797846741","1","0.897611674917093"
"AAAGACGAAAGAGT.1_S","1","-30.014578471443","-3.83474410197673","29.3601789311526","3.51378619051915","3","0.880321363205629"
"AAAGACGAACTTTC.1_S","3","-4.27364066250636","2.19871732304318","28.0320054524946","4.10345859644316","1","0.853615232652646"
"AAAGACGAAGGCGA.1_S","3","-1.04760298502098","4.44177491547289","31.7620011752924","3.73829766249328","1","0.88230282966549"
"AAAGACGAAGTGTC.1_S","3","-3.48616859637709","3.10448928088202","29.0410251000832","3.78853750168137","1","0.869545324635578"
"AAAGACGACACCAA.1_S","3","2.5907698914969","3.81029564285602","35.0561049721828","4.63228974887033","1","0.867860683537259"
"AAAGACGACCACAA.1_S","3","2.12924815605169","4.38444282798164","34.7624277613211","4.54582882113629","5","0.869231549293739"
"AAAGACGACCGATA.1_S","2","36.9681142615598","4.83282739901818","38.4466273892351","4.73553896105931","3","0.87682823481195"
"AAAGACGAGATAAG.1_S","2","37.2795254973184","4.95643655270345","38.7652474064828","4.82927662774375","3","0.875422525307135"
"AAAGACGAGGTATC.1_S","3","1.72477167450902","4.32723752198472","34.3670902363645","4.28392466825203","1","0.875348054234771"
"AAAGACGATAGACC.1_S","3","-5.03643064731485","2.11365948970428","27.2782389876247","4.64825762444729","1","0.829598324636863"
"AAAGAGACAGAACA.1_S","3","-1.11045465886716","-0.292770076852679","30.5591787265426","4.0231121381957","1","0.868350122423239"
"AAAGAGACATCTCT.1_S","3","-1.62229985138803","0.585089073460951","30.2192869236173","3.53249819694561","1","0.883104515143775"
"AAAGATCTACACCA.1_S","3","-4.46886020492403","3.54673322509299","28.244599111869","4.46168564109869","1","0.842034024861631"
"AAAGATCTACTCTT.1_S","3","-3.90664442349623","1.09211676310464","28.1061702780085","4.09275213392138","1","0.854382432987545"
"AAAGATCTCACTTT.1_S","3","-3.77492715519541","4.12859539542243","29.0868764898182","4.31592430628289","1","0.85161953337294"
"AAAGATCTGCCCTT.1_S","3","-5.05375431859446","2.89146320577215","27.4873758972637","4.69850407215455","1","0.829066838183623"
"AAAGATCTGCTTCC.1_S","3","-4.89070092235189","3.38242849490774","27.7940710264199","4.6969226734705","1","0.831009906069327"
"AAAGATCTGTATCG.1_S","3","-5.33160515401972","2.66568332240998","27.1556179084701","4.89622744307228","1","0.819697439418416"
"AAAGATCTTGATGC.1_S","3","-3.94193765042754","0.948716014261679","28.0389392467164","4.16407481255971","1","0.851489573984246"
"AAAGCAGACACTTT.1_S","3","-4.40483011013753","1.17400682232849","27.643299567237","4.37015841027278","1","0.841908944348586"
"AAAGCAGACCGTAA.1_S","3","-1.22214460052348","4.01945902988503","31.4671748156231","3.53557190927432","1","0.88764253766058"
"AAAGCAGACCTCAC.1_S","3","2.12672444974754","1.45997886189889","34.0569029520784","4.26581606082322","1","0.874744451460379"
"AAAGCAGACTTACT.1_S","3","-0.673385859274483","1.84857387477932","31.4157471235935","3.12784730042781","1","0.900436959588372"
"AAAGCAGAGGACAG.1_S","3","2.45024364721765","4.46696002193208","34.775502142601","4.8006596301603","5","0.86195283074635"
"AAAGCAGATTATCC.1_S","2","35.056883579174","5.81598063616191","36.6204958727297","5.87739743488213","3","0.839505247135147"
"AAAGCCTGATCGGT.1_S","3","2.41439951337316","3.22235316659142","34.7351498258597","4.3552263732726","1","0.874616162731211"
"AAAGCCTGCAGGAG.1_S","3","0.388877787128771","4.90233594516548","33.2663197248886","4.12738725939314","1","0.875928948752777"
"AAAGCCTGCTAGCA.1_S","3","-2.67030543960963","-0.17275466961549","29.0495682228986","4.18076702111391","1","0.856081612331216"
"AAAGCCTGGAAGGC.1_S","3","-4.35037676283914","-0.311251517203382","27.3790314910705","5.04018743537975","1","0.815910674670009"
"AAAGCCTGGCATAC.1_S","3","-5.68545309000098","3.06325662613586","26.9424357175871","5.26012274195952","1","0.804764394834358"
"AAAGCCTGGTCACA.1_S","3","-0.581864831059076","2.31054356428825","31.6146145228255","3.10672032178543","1","0.901731513457411"
"AAAGCCTGGTTCGA.1_S","3","-2.89087545213732","2.49355805464037","29.4378388709885","3.45891258522743","1","0.882501137383551"
"AAAGGCCTATTCGG.1_S","3","-2.92286551281758","3.62678115838754","29.7329494430103","3.7383807508084","1","0.874268082351742"
"AAAGGCCTCGTAGT.1_S","3","1.19922420070362","4.91076313188906","34.0047208262936","4.37877939778044","5","0.871230250054145"
"AAAGGCCTTATGCG.1_S","2","35.5304782380512","5.4129172591718","37.0562906732916","5.39752995673092","3","0.854342411000646"
"AAAGGCCTTCTTTG.1_S","3","0.39070156135336","2.97327648983126","32.7196845828371","3.31484188873412","1","0.898689674702032"
"AAAGTTTGAAAGTG.1_S","3","0.47170613199487","0.474402519229884","32.2470420169911","3.82812796437404","1","0.881287469332629"
"AAAGTTTGGATACC.1_S","3","-3.27666240534859","1.58475754909437","28.833024757725","3.6569679489108","1","0.873167384288011"
"AAAGTTTGGTAAAG.1_S","3","-5.21305208112721","1.48874294269088","26.9418074120703","4.88371761214474","1","0.818730884032793"
"AAAGTTTGGTTACG.1_S","3","-1.96092757577073","-0.109610156125393","29.7562782118038","3.96708715467009","1","0.866680667305483"
"AAAGTTTGTCGATG.1_S","3","2.03290388740943","3.70423958454419","34.4914430924962","4.21106389440399","1","0.877909895416347"
"AAAGTTTGTGGATC.1_S","3","0.838614310066747","3.88284456069114","33.3939614660204","3.70245869315369","1","0.889127898260256"
"AAATACTGAGTGTC.1_S","3","1.3179472527285","0.491692417232723","33.0800368762205","4.17726210055067","1","0.873722568200839"
"AAATACTGGGTGGA.1_S","1","-32.249535501701","-3.3643706734302","31.4408005182821","3.6654261447005","3","0.883418167340582"
"AAATACTGGGTTAC.1_S","3","-0.418134888188871","3.44399017267898","32.0682882135504","3.2997397622886","1","0.897102715919389"
"AAATCAACCTAGAC.1_S","3","-2.25058148540661","1.76870483620759","29.8695013236529","3.28601623005453","1","0.889987576476464"
"AAATCAACCTTACT.1_S","3","1.26831244409606","2.71010136680367","33.5011169427506","3.6144250109404","1","0.892110313303374"
"AAATCAACGAGGTG.1_S","3","-0.921665451124024","1.37700176003635","31.0681381748248","3.21201037323931","1","0.89661400515329"
"AAATCAACGGAAGC.1_S","3","0.0653154482624171","4.76705425727269","32.9176487410953","3.98218917502224","1","0.879025710300786"
"AAATCAACGTTAGC.1_S","3","0.328166970427129","0.152021452471638","32.0484903641869","3.96498729625255","1","0.876281620407204"
"AAATCATGCCGATA.1_S","3","1.29269890962699","4.4941606643208","34.0025784297277","4.16465339211027","1","0.877519482802833"
"AAATCATGGAGCAG.1_S","1","-30.9473733804477","-1.92351327318214","29.9188068789989","4.35493294853029","3","0.854441623753815"
"AAATCATGGAGGCA.1_S","3","-3.14231662229345","0.830893221573784","28.7892038234495","3.82474776863182","1","0.867146455591923"
"AAATCATGGCAGAG.1_S","3","-4.52928088720073","1.58362725058613","27.6243192679311","4.34605680515107","1","0.842672799897865"
"AAATCATGGTTGTG.1_S","3","0.777183451744549","4.22044596615878","33.431145146438","3.83306668644332","1","0.885344439454485"
"AAATCATGTAAGCC.1_S","3","1.23884335242546","3.73746595296658","33.7375420184876","3.80313195373714","1","0.887272998381059"
"AAATCATGTAGACC.1_S","1","-28.5739950575429","-4.36763039408336","28.0990368178473","3.9615546783506","3","0.859014573914705"
"AAATCATGTCCAAG.1_S","3","-4.52112695571596","2.39999012007301","27.8509371882668","4.2620008496731","1","0.846971007802616"
"AAATCCCTACTTTC.1_S","3","1.830262909334","2.89978179365072","34.090896226108","3.92767710620627","1","0.884788094740721"
"AAATCCCTCGTAAC.1_S","3","-3.87397103533122","3.93259914457314","28.9296372452282","4.27143063824935","1","0.852351047403683"
"AAATCCCTCTTCGC.1_S","3","-0.100342332907502","3.15779579485357","32.2954495956831","3.25258100768205","1","0.899286709167944"
"AAATCCCTGAAACA.1_S","3","1.88169549947984","0.950160303604648","33.7172377171865","4.28176389939888","1","0.873009647607747"
"AAATCCCTGAGGGT.1_S","2","36.558540295153","6.02022499582421","38.1336840020911","5.69136910536407","3","0.850752182635909"
"AAATCCCTGTACAC.1_S","2","40.2733170785624","3.44834600986477","41.6847397095484","4.80030958424977","3","0.884842519883836"
"AAATCTGAAACGTC.1_S","3","0.799611064421008","1.91918796660381","32.8617884682853","3.45657017112865","1","0.894814910196852"
"AAATCTGACTAGTG.1_S","3","2.81967676639135","2.32066821658102","34.8641417288013","4.63969268493891","2","0.86692078293423"
"AAACATACCCAATG.1_NK","4","1.44061952927434","-33.8210288821456","36.4861437716979","3.33799374419333","3","0.908513386202721"
"AAACATACGACGTT.1_NK","4","-0.648095372715239","-32.5607788215458","35.1342064156479","4.63469411993451","3","0.868085988193252"
"AAACATACTCACCC.1_NK","4","2.61957687533355","-37.6414496085028","40.3769864073443","3.69919808757132","3","0.908383502169977"
"AAACATACTCAGAC.1_NK","4","1.38007301859435","-37.1742490811965","39.8106782038237","3.55363302984453","3","0.910736686985071"
"AAACATTGAACAGA.1_NK","4","0.727430386518019","-34.4850810019905","37.0988030903379","3.32820101287777","3","0.910288183562866"
"AAACATTGGACTAC.1_NK","4","1.96906812767335","-35.5684486375003","38.262126444151","3.06397177686585","3","0.919921550064967"
"AAACATTGGTCATG.1_NK","4","3.64301165971913","-36.0518061587276","38.9192256423839","3.29585075148946","3","0.915315613373864"
"AAACATTGGTTCGA.1_NK","4","-1.67336105348789","-36.5713738857708","39.1192581965195","4.76973505531204","3","0.878071945246231"
"AAACATTGTGCAGT.1_NK","4","0.313854139030657","-33.3250073211209","35.9252340905231","3.80884146295874","3","0.893978659864502"
"AAACATTGTTTCAC.1_NK","4","-1.28996519166278","-33.9001056726901","36.4597216961493","4.46678467562213","3","0.877487142857322"
"AAACCGTGACGCTA.1_NK","4","3.68896909105599","-38.6383111669794","41.4806469912922","4.47998251805683","3","0.891998248749657"
"AAACCGTGACGGAG.1_NK","4","4.60053676786709","-34.3582575588414","37.3870724179257","3.71028796307279","3","0.900760136509275"
"AAACCGTGATACCG.1_NK","4","-1.19828633152409","-33.5120634133397","36.0739502482346","4.52784867368015","3","0.874484256852305"
"AAACCGTGCAGCTA.1_NK","4","0.972673325828964","-31.8678014167972","34.5149614651793","4.46036554777224","3","0.870770084669742"
"AAACCGTGCCGTTC.1_NK","4","3.70594798702373","-33.4523562355592","36.3631696646807","3.66385638168081","3","0.899242656361734"
"AAACCGTGCTCAAG.1_NK","4","-1.29219424534042","-36.7533753769438","39.2990604478572","4.54569167583879","3","0.884330779819276"
"AAACCGTGGCTATG.1_NK","4","0.162663178388826","-38.299933593382","40.8664055909401","4.53740074420846","3","0.888969908691593"
"AAACCGTGTGGATC.1_NK","4","4.24373726918258","-38.3384844332885","41.2553293747944","4.44254437445966","3","0.892315867021682"
"AAACCGTGTGTCTT.1_NK","4","-0.150545075934229","-34.1814946326868","36.7586487622675","3.72346027568422","3","0.898705191810361"
"AAACCGTGTTGAGC.1_NK","4","1.72299020457617","-33.0641938405982","35.7582852588335","3.62167602221121","3","0.898717849695644"
"AAACGCACAGCCTA.1_NK","4","5.44322335021925","-37.2911769204459","40.4051674878564","4.44241392629525","3","0.890053322322438"
"AAACGCACCTGGTA.1_NK","4","-1.60777937903042","-34.3560484914868","36.9142673905388","4.59859611281689","3","0.875424966066223"
"AAACGCACTAAGCC.1_NK","4","-1.19595251466937","-34.4317012182332","36.988820972306","4.28602769879716","3","0.884126403974699"
"AAACGCACTAGACC.1_NK","4","4.05005405173561","-35.5463395414287","38.4747729863071","3.3653049647778","3","0.912532168390558"
"AAACGCACTCTCCG.1_NK","4","5.41089501990623","-36.3968910238997","39.521933932014","4.12643053841649","3","0.895591381091957"
"AAACGCACTTCAGG.1_NK","4","6.38179300470144","-36.7852592308909","40.0778921650946","4.90536997468861","3","0.877604092688265"
"AAACGCTGCCCTCA.1_NK","4","5.94936710828792","-37.2079567070887","40.4112588421305","4.73519910231446","3","0.882824756318212"
"AAACGCTGGACTAC.1_NK","4","3.04433640773196","-32.6320153458781","35.4677932504679","3.93511204214242","3","0.8890511170415"
"AAACGGCTAAACAG.1_NK","4","-1.80562218370599","-35.5548892437148","38.1090017400571","4.69516589215075","3","0.876796408256069"
"AAACGGCTCCGTTC.1_NK","4","2.55468245108","-32.0842199211238","34.8694872396512","4.2255407547051","3","0.878818385665846"
"AAACGGCTGTCAAC.1_NK","4","0.278710867948817","-32.0267731809038","34.6337759997666","4.54810518213656","3","0.868680065893848"
"AAACGGCTTAACCG.1_NK","4","-0.362294400289929","-33.4878927499436","36.0626912198395","4.03663449202492","3","0.888066188199393"
"AAACGGCTTCTTAC.1_NK","4","5.74715514364483","-37.8935824334641","41.0479494091437","4.92462119972889","3","0.880027595272959"
"AAACGGCTTGGCAT.1_NK","4","5.74268226496195","-35.348229564137","38.5526994012712","4.23745100135397","3","0.890086788547568"
"AAACTTGAAAGGGC.1_NK","4","4.25111741306671","-37.5733622968932","40.501421510561","3.99884703123125","3","0.901266501715538"
"AAACTTGACCTTAT.1_NK","4","1.39225129212372","-35.8669201718317","38.5131820057226","3.16444555781569","3","0.917834741430986"
"AAACTTGACTGTAG.1_NK","4","1.29247791368133","-32.1161372750661","34.783892527686","4.22940534475573","3","0.878409084279761"
"AAACTTGAGCCTTC.1_NK","4","-0.455736696842614","-32.637568079452","35.2147983467235","4.4874913445603","3","0.872568023807019"
"AAACTTGAGTCATG.1_NK","4","-0.815045741517655","-36.1873789068672","38.739205085556","4.07784757739129","3","0.89473589950064"
"AAACTTGATCCCGT.1_NK","4","6.84937334803149","-36.6170860009771","40.0061735849932","5.239956990299","3","0.869021290447418"
"AAACTTGATGGTCA.1_NK","4","3.14309944686917","-35.1128379002482","37.9303694616672","3.12392404826705","3","0.917640558407318"
"AAAGACGACTCTCG.1_NK","4","5.0663465970824","-33.0883361946948","36.2186642236503","4.44262107161729","3","0.877338903384617"
"AAAGACGATAACGC.1_NK","4","4.68050126179522","-35.3271833172642","38.3521036918461","3.62226907392283","3","0.905552271577401"
"AAAGACGATACGAC.1_NK","4","4.52966069799657","-36.9663714273027","39.9425768596965","3.84527820288727","3","0.903729841557436"
"AAAGACGATAGTCG.1_NK","4","-1.00971086443035","-36.1586022857833","38.7084229617839","4.19423996999979","3","0.891645289343338"
"AAAGACGATATTCC.1_NK","4","1.01302464629049","-38.6101395538819","41.2147899832195","4.46586780996","3","0.891644047882368"
"AAAGACGATTCACT.1_NK","4","4.67771856615445","-33.2426001551679","36.303798762961","4.15946211261872","3","0.885426256911097"
"AAAGAGACAGTTCG.1_NK","4","0.710226135839421","-37.1504265936483","39.7470262331795","3.70723596628388","3","0.906729224356684"
"AAAGAGACATAAGG.1_NK","4","0.264180468825547","-36.2970750810461","38.8777976637111","3.56700334715956","3","0.908250889671947"
"AAAGAGACATGACC.1_NK","4","0.566134719801251","-34.8194850579975","37.4225594834065","3.33557156936556","3","0.91086735874267"
"AAAGAGACCATCAG.1_NK","4","6.25008032787852","-34.0119819341466","37.3449618300935","4.85256273941029","3","0.870061113959956"
"AAAGAGACCCCACT.1_NK","4","5.58200383450583","-35.1121227278356","38.2924281018262","4.14338018320653","3","0.891796357959109"
"AAAGAGACCTAGCA.1_NK","4","-1.6233408293378","-33.2920545026794","35.8560067572207","4.91746287580093","3","0.86285525577076"
"AAAGAGACGTACAC.1_NK","4","-0.853116134831072","-37.5892575707757","40.1341381048092","4.63028520928671","3","0.884629758406799"
"AAAGAGACGTAGGG.1_NK","4","5.14074002739471","-36.6201890946599","39.6962924093918","4.02731821383693","3","0.898546741536897"
"AAAGATCTACTTTC.1_NK","4","3.62794692750819","-33.3426332160494","36.2443434128116","3.69023696816033","3","0.898184471818686"
"AAAGATCTCTTCCG.1_NK","4","5.20232036113689","-34.4141972318577","37.5416115953682","4.01961226061949","3","0.892929150087009"
"AAAGATCTGCCAAT.1_NK","4","6.10518007594348","-35.1522883428109","38.42913135301","4.50947334488471","3","0.882654819765227"
"AAAGATCTTTTCTG.1_NK","4","1.96419986657824","-36.4115418007148","39.0979247731295","3.21176063727597","3","0.917853424295212"
"AAAGCAGAAGCACT.1_NK","4","2.65512847573563","-34.5142646765071","37.2837450489792","3.12663868583117","3","0.916139360954117"
"AAAGCAGAGGTGGA.1_NK","4","-1.41005052848054","-36.691882037174","39.237875431907","4.60842065866337","3","0.882551728197905"
"AAAGCAGATGCAAC.1_NK","4","4.03331145466127","-32.4339848836608","35.4077614881842","4.34003896258336","3","0.877426903589156"
"AAAGCAGATGGTTG.1_NK","4","1.91292816796602","-31.6067268207558","34.3314450895517","4.55137930565591","3","0.867428263104455"
"AAAGCCTGGATGAA.1_NK","4","-0.277905789925515","-36.7381543032871","39.2982036668739","3.94241235893951","3","0.899679578426565"
"AAAGCCTGGTGAGG.1_NK","4","1.23658618655857","-33.3928265361856","36.0463300064368","3.53074188685235","3","0.902049892840079"
"AAAGCCTGTACTCT.1_NK","4","4.85331697600275","-36.1674012350684","39.2053257192412","3.7741280893","3","0.903734300887399"
"AAAGGCCTAGTACC.1_NK","4","-0.755767719109235","-35.5593500885405","38.1150625090586","3.95099795336803","3","0.896340247312227"
"AAAGGCCTATCACG.1_NK","4","1.90133674392797","-38.8169476834267","41.4801555603845","4.46970763197312","3","0.892244675276919"
"AAAGGCCTATTGGC.1_NK","4","3.28755999340849","-34.8135147901862","37.6519013976996","3.17595286083905","3","0.915649602199556"
"AAAGGCCTCGACTA.1_NK","4","3.11984431173566","-37.8825112342954","40.6674804414839","3.88200875323766","3","0.904542678545737"
"AAAGGCCTCTACGA.1_NK","4","2.62207455864563","-38.723830766481","41.4501274587977","4.38621201060655","3","0.894180976524945"
"AAAGGCCTCTGGTA.1_NK","4","-0.077899849480709","-32.327467343704","34.9179567274829","4.4925926819444","3","0.871338614770422"
"AAAGGCCTCTTCCG.1_NK","4","0.535132374918033","-31.6419130022178","34.2644129584925","4.74061399466777","3","0.861646134127251"
"AAAGGCCTGCCTTC.1_NK","4","6.36587671667169","-35.825490963874","39.1372391482667","4.71023403505161","3","0.879648280319226"
"AAAGTTTGAAGTGA.1_NK","4","1.36666670485888","-31.7073555345019","34.3842329568986","4.51213231310976","3","0.868773215945639"
"AAAGTTTGAGTGTC.1_NK","4","2.66189549090552","-32.8084764380196","35.5973524123813","3.7740118971905","3","0.893980545140828"
"AAAGTTTGTCCTAT.1_NK","4","2.84764438115409","-37.0236334900811","39.7880295559431","3.43062906041682","3","0.913777357192488"
"AAAGTTTGTGCCTC.1_NK","4","2.30767113513422","-35.1681248141637","37.8960611779062","3.04464740233701","3","0.919657945767935"
"AAAGTTTGTGGGAG.1_NK","4","3.05434372969524","-33.6938695335307","36.5176724454196","3.40911803829249","3","0.906644706247698"
"AAATACTGCATCAG.1_NK","4","0.0514073285577148","-35.5700146532935","38.1464475865277","3.53007766732085","3","0.907459858239393"
"AAATACTGCTTGTT.1_NK","4","4.76698913582738","-34.6922285120871","37.7417533166142","3.72232136460898","3","0.901373915160153"
"AAATACTGGCGAAG.1_NK","4","3.88447707848947","-33.8081385820161","36.7386376245286","3.58214664909035","3","0.902496475626012"
"AAATACTGGCTAAC.1_NK","4","0.38897836536712","-35.6976974816406","38.28711576241","3.40791997262147","3","0.910990423155161"
"AAATACTGTCGTTT.1_NK","4","-2.06227544096764","-34.9458585739094","37.5070592376447","4.89802265450723","3","0.869410645514132"
"AAATCAACCATTGG.1_NK","4","-1.17963592404663","-37.1037634386403","39.6481603408159","4.60490912072872","3","0.883855667422022"
"AAATCAACCCTATT.1_NK","4","3.44847753023407","-36.5569740364536","39.3941335996047","3.36581754159655","3","0.914560437454821"
"AAATCAACTCACGA.1_NK","4","5.03490061597214","-38.1524662996904","41.18626312528","4.66634556781691","3","0.886701409311574"
"AAATCATGGGACTT.1_NK","4","6.65082508718489","-35.9187246880493","39.2849464186705","4.95090666914673","3","0.873974457890726"
"AAATCCCTACAGCT.1_NK","4","-0.472344234471973","-35.1116030753381","37.6749553822667","3.77506081216783","3","0.899799196207019"
"AAATCCCTACCTTT.1_NK","4","0.396925999188918","-37.5628697431858","40.1424170948864","4.01209482383417","3","0.900053481723569"
"AAATCCCTATTGGC.1_NK","4","4.38260516895237","-37.639107779103","40.5845199314218","4.08155956001815","3","0.899430631016087"
"AAATCCCTCATGAC.1_NK","4","5.27912235025759","-33.6338016657404","36.7905669794551","4.31839494686098","3","0.882622223537014"
"AAATCCCTCGTGAT.1_NK","4","3.29531395698727","-39.2183011863462","42.009098944764","4.83503325802557","3","0.884905094860926"
"AAATCCCTCTCGCT.1_NK","4","6.62492901691255","-35.1636449749692","38.5436895499328","4.92347377164596","3","0.872262520035409"
"AAATCCCTCTGACA.1_NK","4","5.86705638086064","-36.2923102570002","39.4995813508374","4.40272870241232","3","0.888537332502159"
"AAATCCCTTCACCC.1_NK","4","0.2531553013564","-33.8074559102447","36.4020036688914","3.6508168952511","3","0.899708353186859"
"AAATCCCTTCAGAC.1_NK","4","2.28244528286119","-33.9781798314193","36.7149875764271","3.23767301256413","3","0.911816039544492"
"AAATCTGAACGACT.1_NK","4","1.87602850825342","-37.5592116014799","40.2295382781405","3.67100807224416","3","0.908748441335235"
"AAATCTGATACTCT.1_NK","4","-0.618219630399787","-33.4323216252927","36.0014667039111","4.19583826264649","3","0.883453685452469"
"AAATCTGATCCTCG.1_NK","4","1.08791809714503","-38.3815571917747","40.9918769018516","4.28985588378872","3","0.895348634704869"
"AAACATACCAGTCA.1_N","5","-4.14867410033976","40.0029329486302","37.9538136429103","4.83412786691771","3","0.87263130097018"
"AAACATACGGTATC.1_N","5","-6.52971792557389","41.0746265531093","39.2633577480131","4.35353054092913","3","0.889119759729428"
"AAACATACTCCGAA.1_N","5","-5.44773912961617","41.9739247046588","40.0244406194882","5.27064523585535","3","0.868314331086765"
"AAACATACTGATGC.1_N","5","-6.49241273127262","38.0755160922076","36.302489715091","3.31596512365568","3","0.908657363456886"
"AAACATACTGCACA.1_N","5","-9.781017369948","34.0115765706873","32.9969696103869","4.84165863487278","3","0.853269597419373"
"AAACATTGAAAACG.1_N","5","-9.7977624066332","38.2140910202274","37.0531844534663","3.71549496749106","3","0.899725353642486"
"AAACATTGCAGCTA.1_N","5","-5.72672719365084","35.6223968003288","33.7812375044734","4.01571401939229","3","0.881125905501226"
"AAACATTGCTTGAG.1_N","5","-7.52819905137216","37.2744501233154","35.6801526497982","3.17423539426689","3","0.911036384137083"
"AAACATTGGAATCC.1_N","5","-11.1827512063449","35.275887062161","34.5851220212997","4.91455745822757","3","0.857899664046266"
"AAACATTGGCCTTC.1_N","5","-11.5168147072922","38.0628966033806","37.3384404588658","4.76920649665198","3","0.872270870501246"
"AAACATTGGTGCTA.1_N","5","-10.2812634933894","39.1802377514111","38.0999533646517","4.21355302537997","3","0.889407921709185"
"AAACCGTGATAAGG.1_N","5","-3.87433642751432","40.6849236314597","38.6114464979036","5.31175187907333","3","0.862430642701725"
"AAACCGTGCACCAA.1_N","5","-6.0580199864809","40.0124701206468","38.154252255526","3.88764067721962","3","0.898107276452874"
"AAACCGTGGCATAC.1_N","5","-6.40001175059107","40.4837460044577","38.6632467879987","4.0250251635496","3","0.895895314079029"
"AAACCGTGGCTTCC.1_N","5","-11.1093298065678","38.4925918951116","37.6419354624434","4.54390261854085","3","0.879286158835418"
"AAACCGTGGGTTCA.1_N","5","-6.76604366293085","35.0609835608322","33.3826748061033","3.90489114374381","3","0.883026415156227"
"AAACCGTGGTAGGG.1_N","5","-5.07441465713227","41.4438077329042","39.4620897036207","5.03374733804735","3","0.872440933162607"
"AAACCGTGGTGCTA.1_N","5","-10.1213306272166","36.115087708436","35.1046405663465","3.98120979348444","3","0.886590213451692"
"AAACCGTGGTTGTG.1_N","5","-10.4634978710973","35.7775507474212","34.8680560421363","4.26561094218081","3","0.877664216868699"
"AAACCGTGTGCAGT.1_N","5","-8.73191273729538","39.5492976846335","38.1259885798863","3.68935804361768","3","0.903232462133086"
"AAACGCACAAACAG.1_N","5","-6.68408412862482","37.6813103526965","35.942677381911","3.25992364709204","3","0.909302147626524"
"AAACGCACAACGAA.1_N","5","-7.27432381855177","39.1841030019776","37.5107337663891","3.39146607306195","3","0.909586784034046"
"AAACGCACAGATCC.1_N","5","-8.8106042230346","38.4133981096207","37.0341098920075","3.38235568663964","3","0.90866917831959"
"AAACGCACCATTTC.1_N","5","-6.45098121289745","36.397921084957","34.6460259020706","3.49231984564782","3","0.899199987452555"
"AAACGCACGACTAC.1_N","5","-10.9155551456339","35.7337979334389","34.9473028347873","4.55950346924517","3","0.869532035396261"
"AAACGCACGTGCAT.1_N","5","-5.51493400599598","40.9977529733713","39.0651681477553","4.56510637621359","3","0.883141258756468"
"AAACGCACTCTCTA.1_N","5","-6.78073495188063","35.7924857643621","34.1024262269978","3.59108900974005","3","0.894696964203177"
"AAACGCTGACACGT.1_N","5","-7.9326496106138","34.838128312177","33.3762153651266","3.91102560313224","3","0.882819979427065"
"AAACGCTGACCTGA.1_N","5","-4.29412026734783","40.4600926915296","38.418672861614","4.91912972970236","3","0.871959925648101"
"AAACGCTGATAAGG.1_N","5","-7.08062065178124","39.8811222456924","38.1658287020182","3.65024914062752","3","0.904358184670192"
"AAACGCTGCCAACA.1_N","5","-5.9929529721655","41.4945795496674","39.6106430027058","4.74447271554946","3","0.880222274724867"
"AAACGCTGCTACGA.1_N","5","-4.56163855242188","36.5068539266856","34.5232392935931","4.38892044710333","3","0.872870549319576"
"AAACGCTGGACTAC.1_N","5","-8.34624676102428","33.4265908983546","32.0914526896069","4.90740675441926","3","0.847080566844873"
"AAACGCTGGGTATC.1_N","5","-10.8684821734669","38.62997973366","37.7123218656824","4.4109328487576","3","0.883037356743302"
"AAACGCTGGTACGT.1_N","5","-10.8949385939577","37.1375130270191","36.2854801020296","4.27251504746507","3","0.882252762387286"
"AAACGGCTAGCTCA.1_N","5","-7.74178240724314","35.6551383827573","34.135806325469","3.53350212565526","3","0.896486929531854"
"AAACGGCTAGGGTG.1_N","5","-8.21896749683791","35.367361185107","33.9488680123647","3.67231904865283","3","0.891827938200611"
"AAACGGCTATGTGC.1_N","5","-7.54708623997048","38.4016551874068","36.787731910437","3.20832010373752","3","0.91278831455148"
"AAACGGCTCGGAGA.1_N","5","-9.16730987097007","40.212192542073","38.8587076151128","4.14567876883927","3","0.893314033757856"
"AAACGGCTCTAGTG.1_N","5","-9.98190393516603","37.703791829324","36.6024632715678","3.7483071882191","3","0.897594127465986"
"AAACGGCTTAGCGT.1_N","5","-9.61957786992793","40.2256754459566","38.9655740525081","4.34175680317916","3","0.888574545383871"
"AAACGGCTTGAACC.1_N","5","-10.0943597793375","39.4317566919208","38.3000058048539","4.20448064939635","3","0.890222453990764"
"AAACTTGAAGTGCT.1_N","5","-6.94471936007237","34.8409783090885","33.1969476945022","3.98186286732066","3","0.880053343941012"
"AAACTTGACACTTT.1_N","5","-9.18290736165461","34.0252241583671","32.8619112207614","4.62408013354903","3","0.859287547139752"
"AAACTTGACCGCTT.1_N","5","-10.1201611244149","34.6220091836087","33.6702885237418","4.60797473164869","3","0.863144186352918"
"AAACTTGACGGGAA.1_N","5","-6.91936482752155","40.5351731557467","38.7857063748158","3.98340583763015","3","0.897297066111534"
"AAACTTGACTCCCA.1_N","5","-7.6882203145093","40.2359739476582","38.6105855023637","3.82265576599454","3","0.900994618023585"
"AAACTTGAGGTGTT.1_N","5","-4.35353016586969","41.2127456886429","39.1702799007285","5.27588713042678","3","0.865308924424391"
"AAACTTGAGTTCAG.1_N","5","-5.39667403870937","39.5101565313493","37.5805051869314","3.95860864394126","3","0.894663240309025"
"AAACTTGATCCGAA.1_N","5","-5.6738324947311","39.6372480444918","37.7373521284852","3.88022787561692","3","0.897178056838598"
"AAACTTGATCCTTA.1_N","5","-7.46800311077885","40.012665814272","38.3554922911983","3.69978592811318","3","0.903539605227223"
"AAACTTGATGACAC.1_N","5","-10.5288680462237","34.6297314585213","33.7866469243202","4.8184109901575","3","0.8573871209845"
"AAAGACGAACGACT.1_N","5","-6.33230943343294","35.2171098524769","33.467748368939","3.95297164544368","3","0.881887134985382"
"AAAGACGAAGCGGA.1_N","5","-9.90624399323571","35.3337758359759","34.2991831673871","4.15345129290726","3","0.878905241776821"
"AAAGACGACCCACT.1_N","5","-4.78018197441301","36.3985100554608","34.4374871325165","4.27454286449315","3","0.875875296938926"
"AAAGACGACTAGAC.1_N","5","-9.36178230921507","35.9979640731637","34.8088525706294","3.6942428655448","3","0.893870593463288"
"AAAGACGACTGTAG.1_N","5","-10.081533030089","34.1210603288445","33.1800858777099","4.89854069876239","3","0.852365038571128"
"AAAGACGATCCTAT.1_N","5","-5.25308036280152","34.8774080999409","32.9870667007594","4.60280309977272","3","0.860466432449819"
"AAAGAGACAGTCTG.1_N","5","-5.73521486443789","40.75572424259","38.8501856704193","4.34700304875482","3","0.888108564380307"
"AAAGAGACCCTCCA.1_N","5","-8.43711252374466","39.2576184104647","37.7847606265376","3.50844158153641","3","0.907146650571281"
"AAAGAGACCTCTAT.1_N","5","-7.02684132556287","41.726799444234","39.9749402870429","4.78479945722226","3","0.880305025526876"
"AAAGAGACCTGGTA.1_N","5","-11.6387468591516","36.7645624680744","36.1328952447224","4.85504201908832","3","0.865633739388834"
"AAAGAGACCTTACT.1_N","5","-5.34750700464421","35.7454333712989","33.8549456546594","4.15545770022088","3","0.87725699687694"
"AAAGAGACTCCTCG.1_N","5","-7.22879691880545","33.3364833792617","31.7770372653071","4.98457472286927","3","0.843139098171647"
"AAAGAGACTTCCGC.1_N","5","-9.05358378491445","34.2899473093631","33.0867733207124","4.41019619103326","3","0.866708181293929"
"AAAGATCTCAGTTG.1_N","5","-4.82740972162229","41.6722891405679","39.6657913035648","5.31172742585566","3","0.866087950062443"
"AAAGATCTGCCTTC.1_N","5","-7.96831625802862","38.3441284974858","36.805172420592","3.21576098714015","3","0.912627471204537"
"AAAGATCTTTTACC.1_N","5","-5.68904719351952","37.8783536454894","36.0016489265268","3.58785099692127","3","0.90034203699271"
"AAAGATCTTTTGCT.1_N","5","-11.0256837295654","36.6153054547287","35.8201572863696","4.41552740376024","3","0.876730652842766"
"AAAGCAGAACGACT.1_N","5","-10.1909797813021","37.19546987962","36.162261198931","3.85037085181328","3","0.893525163411875"
"AAAGCAGAACGTTG.1_N","5","-5.23186870447391","37.1876575776503","35.2659415823629","3.85707116202696","3","0.890629003821751"
"AAAGCAGAAGAACA.1_N","5","-4.53675623652297","38.7012404021733","36.6945341686809","4.27357169101355","3","0.883536559658493"
"AAAGCAGACTACGA.1_N","5","-8.08677887989038","36.5485514277491","35.0733269725492","3.28902703483901","3","0.906224264455629"
"AAAGCAGAGCTAAC.1_N","5","-6.32065505188116","37.0210492951322","35.2400188440364","3.40852058585827","3","0.903276993098569"
"AAAGCAGATATGGC.1_N","5","-9.17450998411176","36.7929953656359","35.5363199873885","3.45832758993896","3","0.902681887399531"
"AAAGCAGATCCTTA.1_N","5","-5.65070003198223","41.6609515661279","39.7362245766401","4.96179704211292","3","0.875131643859547"
"AAAGCAGATCTTTG.1_N","5","-6.51793398053436","34.2313192366433","32.5290057291446","4.45714345974218","3","0.862979412993592"
"AAAGCAGATTCGCC.1_N","5","-9.15753382437654","38.9650924438157","37.6423456662765","3.62036517231878","3","0.903822009276052"
"AAAGCCTGAACCAC.1_N","5","-6.30382355000085","33.86270995075","32.1335581324384","4.78320782985906","3","0.851146025903976"
"AAAGCCTGACGGTT.1_N","5","-7.85091224277764","38.0726675735808","36.5184663549147","3.17678713567331","3","0.913008747278737"
"AAAGCCTGAGAGGC.1_N","5","-4.63295651186375","41.0974759133682","39.0787494778588","5.04194101102364","3","0.870979980721228"
"AAAGCCTGATTCCT.1_N","5","-5.5057977747522","34.4261389660604","32.5736996040228","4.73177119360246","3","0.854736451458584"
"AAAGCCTGCTCAGA.1_N","5","-5.23869397889078","40.301155504377","38.3465576750879","4.32028864318898","3","0.887335685257723"
"AAAGCCTGCTCCAC.1_N","5","-7.38708793974128","33.6691108056158","32.1312308656556","4.69978461710861","3","0.853731572352178"
"AAAGCCTGCTGTCC.1_N","5","-4.66028632480732","39.3203610102043","37.3191697101724","4.3033366015855","3","0.884688308046347"
"AAAGCCTGGAACCT.1_N","5","-11.5816520698652","37.5872713960779","36.9016234184118","4.77688941132087","3","0.870550697535505"
"AAAGGCCTAAGTGA.1_N","5","-7.19638464246388","34.4147904764093","32.8240237987032","4.19279995850726","3","0.872264290806635"
"AAAGGCCTACGGGA.1_N","5","-5.81277225424738","37.7309884175607","35.8715381761973","3.53496352796344","3","0.901454921988568"
"AAAGGCCTATCTCT.1_N","5","-4.07078064968532","38.1227858298759","36.0823717006455","4.55640179693959","3","0.87372221995989"
"AAAGGCCTGACACT.1_N","5","-7.96525839992469","41.260232215562","39.661832643577","4.49190568931243","3","0.886744878138155"
"AAAGGCCTGGCAAG.1_N","5","-8.2741864009653","41.3344940932245","39.7875371284383","4.60013735132989","3","0.884382455328155"
"AAAGTTTGACACAC.1_N","5","-8.54310512733681","34.8471364504789","33.5113849719791","3.96928316134525","3","0.881554189280324"
"AAAGTTTGCTCCCA.1_N","5","-4.25119993104804","39.7668157739612","37.7273876954328","4.68649500712648","3","0.875780028955097"
"AAAGTTTGTATGCG.1_N","5","-9.15811610638054","36.4908037855059","35.2397753801574","3.50358806472619","3","0.900578592600821"
"AAAGTTTGTCTACT.1_N","5","-10.8918785722691","36.8907261191912","36.0480838752787","4.28780433508031","3","0.881053196893474"
"AAAGTTTGTTGCAG.1_N","5","-8.41726363836779","33.7619418196687","32.4319224803563","4.65322067756124","3","0.856523439818295"
"AAATACTGACCAGT.1_N","5","-7.79926925199359","33.9149512546422","32.4509851618083","4.49722944991249","3","0.861414701973199"
"AAATACTGAGTCTG.1_N","5","-8.85851912407666","40.4963086436043","39.0749395189564","4.20113597412874","3","0.892485157345141"
"AAATACTGCGTACA.1_N","5","-6.05831986122248","42.1086559328782","40.2254391648535","5.20565377360974","3","0.870588018883381"
"AAATACTGGCGAGA.1_N","5","-11.030778731519","35.0327876202028","34.3104666177258","4.91900267663629","3","0.856632591697398"
