gene_1,mHG_stat,mHG_pval,mHG_cutoff,cutoff_val,t_stat,t_pval,w_stat,w_pval,Log2FoldChange,Log2FoldChangeAbs,TP,TN,q_value
ABL1,0.0004694292365202802,0.0038921044067890785,0,0.876,0.16629448040258799,0.8681199763582836,0.1263648047213127,0.8994431605473512,0.004362433744310657,0.004362433744310657,0.0,1.0,0.026132701017012386
ABL1_negation,0.10029687811217608,0.30634433939113187,13,-0.624,-0.16629448040258799,0.8681199763582836,-0.1263648047213127,0.8994431605473512,0.00436244569004566,0.00436244569004566,0.009259259259259259,0.9693877551020408,0.5352413613852671
AHR,0.9730082811753938,0.9970893418305081,149,0.626,-3.9845954337480887,9.585421744588608e-05,-3.5058711595597525,0.0004551154662338174,-0.18312033454690854,0.18312033454690854,0.12962962962962962,0.6556122448979592,1.0
AHR_negation,0.12994067020668615,0.36351481907065974,0,-0.374,3.9845954337480887,9.585421744588608e-05,3.5058711595597525,0.0004551154662338174,-0.1831210387497721,0.1831210387497721,0.0,1.0,0.5882080063012303
AR,0.07407477719069752,0.24679382299915642,72,0.376,-0.01302820122014316,0.9896208580827182,-0.2820642962529301,0.7778942095688335,-0.0010149070181242736,0.0010149070181242736,0.1388888888888889,0.8545918367346939,0.5352413613852671
ARNT,0.06107008511655466,0.21625658270397705,0,0.751,-3.027612960945794,0.002877250833840497,-3.0094379981545956,0.0026173149374431213,-0.12086396985981687,0.12086396985981687,0.0,1.0,0.4863186309610967
ARNT_negation,5.15371565702808e-07,7.369218040223879e-06,92,-0.499,3.027612960945794,0.002877250833840497,3.0094379981545956,0.0026173149374431213,-0.12086439612378728,0.12086439612378728,0.28703703703703703,0.8443877551020408,0.00014431385328771764
AR_negation,0.10436810910928895,0.31477943970545313,16,-0.124,0.01302820122014316,0.9896208580827182,0.2820642962529301,0.7778942095688335,-0.0010149137351679995,0.0010149137351679995,0.018518518518518517,0.9642857142857143,0.5352413613852671
ASH1L,0.9999999728600102,0.9999999982977011,169,0.251,-10.127617980339926,7.881488095164572e-22,-5.273474082744781,1.3386516595342458e-07,-0.4670919752059136,0.4670919752059136,0.09259259259259259,0.5943877551020408,1.0
ASH1L_negation,3.8780129560416134e-07,5.6162240118037e-06,0,-0.249,10.127617980339926,7.881488095164572e-22,5.273474082744781,1.3386516595342458e-07,-0.4670949600810561,0.4670949600810561,0.0,1.0,0.00011998296752489724
ATF1,0.02804406392609914,0.12001331894945609,0,0.751,1.611945659815347,0.10851519532328198,0.9409664922997748,0.3467220308212664,0.027816416734376258,0.027816416734376258,0.0,1.0,0.32232148517853926
ATF1_negation,0.3247920850430241,0.6391989174512572,65,-0.749,-1.611945659815347,0.10851519532328198,-0.9409664922997748,0.3467220308212664,0.02781649377122256,0.02781649377122256,0.08333333333333333,0.8571428571428571,0.8835985035355614
ATF2,0.010696936690855426,0.056062589489559514,0,0.751,0.8588534839754944,0.391698578013266,0.8743993183840834,0.38190082846464124,0.023433529672580566,0.023433529672580566,0.0,1.0,0.18821012185780694
ATF2_negation,0.28458223680895284,0.5936820350020361,165,-0.624,-0.8588534839754944,0.391698578013266,-0.8743993183840834,0.38190082846464124,0.023433609251254223,0.023433609251254223,0.3148148148148148,0.6658163265306123,0.8429926176766072
ATF4,0.9781611736909827,0.9977643885827654,107,0.376,-3.485251563960739,0.0005982536984127716,-2.673217357021103,0.007512755529019828,-0.1679603071959214,0.1679603071959214,0.12962962962962962,0.7627551020408163,1.0
ATF4_negation,0.015645544364261185,0.07682415512301435,0,-0.249,3.485251563960739,0.0005982536984127716,2.673217357021103,0.007512755529019828,-0.16796132193074403,0.16796132193074403,0.0,1.0,0.22998313954023406
ATF5,0.7601233685465874,0.9398487305120974,121,0.126,-3.295985774012567,0.001137603190579284,-2.126764793747093,0.03343963088271901,-0.1990700720423914,0.1990700720423914,0.1388888888888889,0.7295918367346939,1.0
ATF5_negation,1.702833643281504e-05,0.00019217310036992596,0,-0.124,3.295985774012567,0.001137603190579284,2.126764793747093,0.03343963088271901,-0.19907262217762572,0.19907262217762572,0.0,1.0,0.0022802834094892803
ATF6,0.702849577360287,0.915165924893861,113,0.376,-1.1517650809000228,0.25026267792675394,-1.3591738222107859,0.17409151441370108,-0.02318339895634954,0.02318339895634954,0.12037037037037036,0.7448979591836735,1.0
ATF6_negation,0.007771675068239942,0.04357715324149264,22,-0.374,1.1517650809000228,0.25026267792675394,1.3591738222107859,0.17409151441370108,-0.02318351688172436,0.02318351688172436,0.0,0.9438775510204082,0.16000985955860578
ATM,0.4255111099347457,0.737589203486299,35,0.501,-0.7340634501819961,0.4638676834889738,-0.5137331049086701,0.6074386032822588,-0.014646745551920914,0.014646745551920914,0.046296296296296294,0.923469387755102,0.9656460324193887
ATM_negation,0.035887428207220365,0.1469553986067397,0,-0.374,0.7340634501819961,0.4638676834889738,0.5137331049086701,0.6074386032822588,-0.014646806377008286,0.014646806377008286,0.0,1.0,0.3654446420379241
BACH2,0.3420935126317861,0.6617406753240019,25,0.251,-5.160898893041434,3.9183203802296197e-07,-1.0154314665105484,0.3099001998462836,-0.04528586998481155,0.04528586998481155,0.0,0.9362244897959183,0.9066572704980489
BACH2_negation,0.018888902490278265,0.08981425878113837,0,-0.249,5.160898893041434,3.9183203802296197e-07,1.0154314665105484,0.3099001998462836,-0.04528622664613203,0.04528622664613203,0.0,1.0,0.26057223226626564
BCL6,0.5053653474546186,0.8002349076451158,118,0.501,-3.2729852475081183,0.001211345152673746,-1.8966003280047021,0.057880707279474,-0.08670627892541587,0.08670627892541587,0.12037037037037036,0.7321428571428571,1.0
BCL6_negation,0.0010542740604459393,0.007865702305239131,101,-0.499,3.2729852475081183,0.001211345152673746,1.8966003280047021,0.057880707279474,-0.08670662027570983,0.08670662027570983,0.19444444444444445,0.7959183673469388,0.047395898505928104
BRCA1,0.005665997257639228,0.033483433082392225,3,0.626,-0.020350574332333594,0.9837906112641914,-0.26551652420609156,0.7906115820675421,-0.0012012418748403994,0.0012012418748403994,0.009259259259259259,0.9948979591836735,0.13398377532450423
BRCA1_negation,0.00017257821303485357,0.0016034678515796637,26,-0.249,0.020350574332333594,0.9837906112641914,0.26551652420609156,0.7906115820675421,-0.001201247924074314,0.001201247924074314,0.05555555555555555,0.9489795918367347,0.013457676611472178
BRPF1,0.03323878268110757,0.1364906157559812,0,0.251,0.6364077010723296,0.525321202735129,0.38812047164403185,0.6979268829492048,0.01902085449834893,0.01902085449834893,0.0,1.0,0.3537084900605999
BRPF1_negation,0.3668359589165474,0.684373812840644,79,-0.249,-0.6364077010723296,0.525321202735129,-0.38812047164403185,0.6979268829492048,0.019021019104350268,0.019021019104350268,0.1388888888888889,0.8367346938775511,0.9216495473785177
CDX2,0.019948447704052817,0.09197114374717644,0,0.376,0.5586790524406253,0.5771447498749134,0.8029430300000077,0.422007663501921,0.031140473682929742,0.031140473682929742,0.0,1.0,0.2651928684734535
CDX2_negation,0.03038934862568815,0.1289028244485273,0,-0.124,-0.5586790524406253,0.5771447498749134,-0.8029430300000077,0.422007663501921,0.031140683705615423,0.031140683705615423,0.0,1.0,0.33845993011624487
CEBPA,0.12343062407012247,0.354472864591893,10,0.376,4.155118827330329,3.949257800065744e-05,1.2455959322529393,0.21291277642507256,0.10356511183630528,0.10356511183630528,0.0,0.9744897959183674,0.5825253369167471
CEBPA_negation,0.7551291117206762,0.9372763072753039,89,-0.374,-4.155118827330329,3.949257800065744e-05,-1.2455959322529393,0.21291277642507256,0.10356570651894947,0.10356570651894947,0.1111111111111111,0.8035714285714286,1.0
CEBPB,1.0,1.0,0,0.876,-16.4227384971035,6.899862884495881e-47,-9.614255559213207,6.96110557689696e-22,-0.7975896811376461,0.7975896811376461,0.0,1.0,1.0
CEBPB_negation,4.641884462240005e-22,1.1594518805235871e-20,0,-0.249,16.4227384971035,6.899862884495881e-47,9.614255559213207,6.96110557689696e-22,-0.7975942251110394,0.7975942251110394,0.0,1.0,5.449423838460859e-19
CEBPD,0.9975651968760003,0.9998436381319475,122,0.626,-5.553341954337418,1.1394289813645935e-07,-5.236241595639394,1.6387941018038746e-07,-0.19410902769349792,0.19410902769349792,0.1111111111111111,0.7193877551020408,1.0
CEBPD_negation,4.584530793606113e-10,8.264089407921059e-09,126,-0.624,5.553341954337418,1.1394289813645935e-07,5.236241595639394,1.6387941018038746e-07,-0.19410970115917775,0.19410970115917775,0.4722222222222222,0.8086734693877551,2.427576263576811e-07
CEBPE,0.03334756566527327,0.13696796849155146,115,0.126,-0.34665961190188455,0.7292128235199751,0.12034743306791684,0.9042079309753287,-0.01953217887826803,0.01953217887826803,0.24074074074074073,0.7729591836734694,0.3537084900605999
CEBPE_negation,0.1755838855450103,0.4456378243849515,0,-0.124,0.34665961190188455,0.7292128235199751,-0.12034743306791684,0.9042079309753287,-0.01953242906013329,0.01953242906013329,0.0,1.0,0.6756444434223458
CEBPZ,5.680279405795874e-06,6.904113657115473e-05,0,0.501,9.807021437355562,1.9106123593361962e-20,3.5337015034567085,0.00040978359022355345,0.10790618223131343,0.10790618223131343,0.0,1.0,0.0009271238339555064
CEBPZ_negation,0.8712078809339876,0.9763420915432585,87,-0.499,-9.807021437355562,1.9106123593361962e-20,-3.5337015034567085,0.00040978359022355345,0.10790663040874202,0.10790663040874202,0.0,0.7780612244897959,1.0
CHD4,1.0,1.0,0,0.501,-34.138737432095425,3.873989370624264e-73,-14.158875500440416,1.646070585910482e-45,-0.3675419044761118,0.3675419044761118,0.0,1.0,1.0
CHD4_negation,2.307622021920615e-77,2.2491772376990402e-76,119,-0.499,34.138737432095425,3.873989370624264e-73,14.158875500440416,1.646070585910482e-45,-0.3675435983330972,0.3675435983330972,0.9351851851851852,0.9540816326530612,1.0571133017185488e-73
CIITA,1.0,1.0,0,0.501,-10.515609145550439,9.118571940621197e-20,-8.96513159210313,3.099105888904936e-19,-0.5967529847419316,0.5967529847419316,0.0,1.0,1.0
CIITA_negation,1.9630216861528405e-18,4.5658735396209875e-17,49,-0.249,10.515609145550439,9.118571940621197e-20,8.96513159210313,3.099105888904936e-19,-0.5967575745367791,0.5967575745367791,0.3425925925925926,0.9693877551020408,1.788300469684887e-15
CREB1,0.4807485671063926,0.7810517794999541,32,0.251,-1.3486483876549136,0.17909680876837483,-0.9973793515503608,0.31858041007527893,-0.08322132247060698,0.08322132247060698,0.037037037037037035,0.9285714285714286,1.0
CREB1_negation,0.0036171715789418708,0.0230204356408955,0,-0.124,1.3486483876549136,0.17909680876837483,0.9973793515503608,0.31858041007527893,-0.0832222240066464,0.0832222240066464,0.0,1.0,0.10304385477353223
CREB3,0.06694888724725923,0.22982657576157123,0,0.251,-1.3999723659146053,0.16354812222952872,-0.917649177142866,0.35880256311923286,-0.04510387102691149,0.04510387102691149,0.0,1.0,0.507129063887035
CREB3_negation,0.015570791422908957,0.07610363437597516,70,-0.249,1.3999723659146053,0.16354812222952872,0.917649177142866,0.35880256311923286,-0.04510426252731737,0.04510426252731737,0.18518518518518517,0.8724489795918368,0.22928659074813026
CREB5,0.06694888724725923,0.22982657576157123,50,0.376,-0.5194183468337593,0.6040737133366919,-0.16547772046838566,0.8685679845672333,-0.009955055129083276,0.009955055129083276,0.09259259259259259,0.8979591836734694,0.507129063887035
CREB5_negation,0.026733945170390672,0.11683414157577286,0,-0.374,0.5194183468337593,0.6040737133366919,0.16547772046838566,0.8685679845672333,-0.009955106150406356,0.009955106150406356,0.0,1.0,0.3155864743713405
CREBBP,7.09083091313302e-06,8.991517856515104e-05,38,0.501,5.594738222184698,7.806094716294123e-08,4.294146846154608,1.7536637944513946e-05,0.1156117351821037,0.1156117351821037,0.14814814814814814,0.9438775510204082,0.0011305245072468575
CREBBP_negation,0.9982443077092441,0.9998974587774733,137,-0.499,-5.594738222184698,7.806094716294123e-08,-4.294146846154608,1.7536637944513946e-05,0.1156122111554683,0.1156122111554683,0.10185185185185185,0.6785714285714286,1.0
CREM,5.023113257500985e-06,6.154262296653163e-05,81,0.626,3.5773091605751395,0.0004371264578813774,3.1922156621264945,0.0014118587438568166,0.06887022128826312,0.06887022128826312,0.2222222222222222,0.8545918367346939,0.0008765161452809051
CREM_negation,0.9929155868159217,0.9994494839540612,114,-0.624,-3.5773091605751395,0.0004371264578813774,-3.1922156621264945,0.0014118587438568166,0.06887044052249659,0.06887044052249659,0.09259259259259259,0.7346938775510204,1.0
CTNNB1,0.0020633114186504836,0.014216035615438764,0,0.751,1.8189793698204773,0.07067686002326888,1.907506814126482,0.05645498949173111,0.09070606143301074,0.09070606143301074,0.0,1.0,0.07679927286501402
CTNNB1_negation,0.35242450654134616,0.6690277588636998,41,-0.374,-1.8189793698204773,0.07067686002326888,-1.907506814126482,0.05645498949173111,0.09070638693122843,0.09070638693122843,0.05555555555555555,0.9107142857142857,0.9107732963812363
DACH1,0.0024944920921123833,0.01696879325275724,0,0.501,-1.2972276050875544,0.19641620196923454,-1.4810255981920517,0.1385997523206889,-0.06746328136910183,0.06746328136910183,0.0,1.0,0.08484396626378621
DACH1_negation,0.002106647842215104,0.014494232166944208,0,-0.249,1.2972276050875544,0.19641620196923454,1.4810255981920517,0.1385997523206889,-0.06746366744770214,0.06746366744770214,0.0,1.0,0.07741237634617928
DDIT3,0.02252719559152511,0.1025710122864735,82,0.751,1.768803926458759,0.07826503941416701,1.2049786735925174,0.22821153493430313,0.02174087545461977,0.02174087545461977,0.1388888888888889,0.8290816326530612,0.2909729224858778
DDIT3_negation,0.4369455223179264,0.7466238694166721,76,-0.749,-1.768803926458759,0.07826503941416701,-1.2049786735925174,0.22821153493430313,0.02174093306920145,0.02174093306920145,0.05555555555555555,0.8214285714285714,0.9693735321155688
DEK,1.1802251815334856e-23,3.0646884855821874e-22,55,0.626,9.20361596606003,2.875613309446113e-16,8.013258613681575,1.1170839741886596e-15,0.37561002878824273,0.37561002878824273,0.2777777777777778,0.9362244897959183,2.0577194117480402e-20
DEK_negation,0.9999797606161441,0.9999991256230832,0,-0.374,-9.20361596606003,2.875613309446113e-16,-8.013258613681575,1.1170839741886596e-15,0.37561148533667166,0.37561148533667166,0.0,1.0,1.0
DMAP1,0.26317376515712954,0.569330221686172,21,0.126,-0.42398166647789315,0.6721331308616119,-0.6329522807915752,0.5267648054170272,-0.15452788661766795,0.15452788661766795,0.05555555555555555,0.9617346938775511,0.8183033767354766
DMAP1_negation,0.08107717321203417,0.26503997373737626,0,0.001,0.42398166647789315,0.6721331308616119,0.6329522807915752,0.5267648054170272,-0.15453801576527681,0.15453801576527681,0.0,1.0,0.5352413613852671
DNMT1,0.1210112474505209,0.34848504707930605,71,0.376,-0.47988797607067185,0.6318076588037551,0.39300958611241593,0.694312401217801,-0.020924555801606664,0.020924555801606664,0.09259259259259259,0.8443877551020408,0.5767182117157529
DNMT1_negation,0.097719650819822,0.301712297537446,0,-0.249,0.47988797607067185,0.6318076588037551,-0.39300958611241593,0.694312401217801,-0.02092468826211171,0.02092468826211171,0.0,1.0,0.5352413613852671
E2F1,0.43418081677913034,0.7454112465183443,40,0.501,-1.6844643206133525,0.09377821121145345,-1.5291645714192184,0.12622365106345856,-0.0709829792847507,0.0709829792847507,0.027777777777777776,0.9056122448979592,0.9693735321155688
E2F1_negation,0.007607376287360847,0.042214153284775895,117,-0.374,1.6844643206133525,0.09377821121145345,1.5291645714192184,0.12622365106345856,-0.07098332421344011,0.07098332421344011,0.25925925925925924,0.7729591836734694,0.15746549241146565
E2F6,0.055389009407276736,0.19916523690872281,0,0.501,1.9419419827111273,0.05355260868556142,1.1854222157189809,0.23585055233161412,0.028022604436073198,0.028022604436073198,0.0,1.0,0.4566227382785352
E2F6_negation,0.5277510823597947,0.8164998037711438,94,-0.499,-1.9419419827111273,0.05355260868556142,-1.1854222157189809,0.23585055233161412,0.028022721413352852,0.028022721413352852,0.12962962962962962,0.7959183673469388,1.0
EGR1,1.8842740042833363e-05,0.00021918093221059666,50,0.376,9.748860065894783,2.1878178493280336e-20,5.355460771522299,8.533866107392034e-08,0.37666451899322667,0.37666451899322667,0.06481481481481481,0.8903061224489796,0.0024527390033090577
EGR1_negation,0.9999999999958977,0.99999999999833,198,-0.374,-9.748860065894783,2.1878178493280336e-20,-5.355460771522299,8.533866107392034e-08,0.3766668578267263,0.3766668578267263,0.1111111111111111,0.5255102040816326,1.0
EGR3,0.0041733888958683345,0.025845618287367565,0,0.501,5.484243163548024,7.467774897552145e-08,1.1372832424918142,0.2554198977644213,0.025995156071412746,0.025995156071412746,0.0,1.0,0.11247630180613663
EGR3_negation,0.23550993521595975,0.5306579923996317,28,-0.499,-5.484243163548024,7.467774897552145e-08,-1.1372832424918142,0.2554198977644213,0.025995260994688314,0.025995260994688314,0.0,0.9285714285714286,0.7721648805815075
ELF1,0.10496034599649803,0.3159631558415233,0,0.501,,,0.0,1.0,0.0,0.0,0.0,1.0,0.5352413613852671
ELF1_negation,0.10496034599649803,0.3159631558415233,0,-0.499,,,0.0,1.0,0.0,0.0,0.0,1.0,0.5352413613852671
ELK1,0.01564961270976941,0.07738158807932792,145,0.501,2.561895056609195,0.011263604287211546,2.2463600553583354,0.024680954717328646,0.1970637442797284,0.1970637442797284,0.3425925925925926,0.7244897959183674,0.2301857366916717
ELK1_negation,0.21090093327470255,0.49802090698730106,0,-0.124,-2.561895056609195,0.011263604287211546,-2.2463600553583354,0.024680954717328646,0.197064738503631,0.197064738503631,0.0,1.0,0.7383906191925285
ELK4,0.9966089378991874,0.999774932469189,52,0.376,-4.216061122565575,3.735705643086672e-05,-3.919941546459054,8.857044837699611e-05,-0.19789250377852147,0.19789250377852147,0.046296296296296294,0.8801020408163265,1.0
ELK4_negation,3.905177240928188e-05,0.00041302924376418015,0,-0.249,4.216061122565575,3.735705643086672e-05,3.919941546459054,8.857044837699611e-05,-0.19789380803487858,0.19789380803487858,0.0,1.0,0.004220081403677493
ELL,0.03417490278961798,0.13977114993670411,21,0.376,1.8269019417533237,0.06925637793794802,1.182413529892283,0.23704165729275717,0.07418268611424449,0.07418268611424449,0.05555555555555555,0.9617346938775511,0.3589750845368903
ELL_negation,0.4222912641016705,0.7341253873374816,80,-0.374,-1.8269019417533237,0.06925637793794802,-1.182413529892283,0.23704165729275717,0.0741831159866892,0.0741831159866892,0.1111111111111111,0.826530612244898,0.9656460324193887
EP300,0.9808552143753595,0.9981496509272869,1,0.376,-8.275578221371228,4.6151821158222164e-14,-6.647691334089057,2.977258344345252e-11,-0.23837613069712868,0.23837613069712868,0.0,0.9974489795918368,1.0
EP300_negation,1.8947165331794135e-15,4.2464696874217343e-14,0,-0.249,8.275578221371228,4.6151821158222164e-14,6.647691334089057,2.977258344345252e-11,-0.2383776373803648,0.2383776373803648,0.0,1.0,1.3305605020588102e-12
ERCC2,0.14590247264547146,0.3951841722446492,90,0.376,-1.144226504910513,0.25389575885293814,-0.40767692951756834,0.6835108771273205,-0.04358111033501288,0.04358111033501288,0.16666666666666666,0.8163265306122449,0.6274883816046795
ERCC2_negation,0.08181520147597027,0.2665411204974073,0,-0.374,1.144226504910513,0.25389575885293814,0.40767692951756834,0.6835108771273205,-0.04358131697077971,0.04358131697077971,0.0,1.0,0.5352413613852671
ERG,0.9960608129115264,0.9997278329166935,39,0.751,-5.158373038460202,6.824709471428009e-07,-4.805623436693255,1.5427002189003124e-06,-0.3211855190713954,0.3211855190713954,0.027777777777777776,0.9081632653061225,1.0
ERG_negation,1.1555165148085103e-06,1.536306211693578e-05,53,-0.374,5.158373038460202,6.824709471428009e-07,4.805623436693255,1.5427002189003124e-06,-0.3211867981703402,0.3211867981703402,0.24074074074074073,0.9311224489795918,0.0002777168921138391
ESR1,0.004441617067897377,0.0273006775974209,70,0.626,1.0422410516620875,0.29861480186675693,0.8856818902342005,0.3757889697257758,0.022238746001653247,0.022238746001653247,0.14814814814814814,0.8622448979591837,0.11771851808062223
ESR1_negation,0.16432004370660208,0.42492892327959725,14,-0.499,-1.0422410516620875,0.29861480186675693,-0.8856818902342005,0.3757889697257758,0.022238818658927826,0.022238818658927826,0.009259259259259259,0.9668367346938775,0.6557301534632387
ESR2,0.41174681427197096,0.7246176810424274,86,0.501,-1.3697673917367572,0.1727149363842648,-1.5908426308665258,0.11164499615467002,-0.07205265527145498,0.07205265527145498,0.1574074074074074,0.8239795918367347,0.9593529861688476
ESR2_negation,0.0004186990704848194,0.003543868231752719,0,-0.249,1.3697673917367572,0.1727149363842648,1.5908426308665258,0.11164499615467002,-0.07205298000205139,0.07205298000205139,0.0,1.0,0.024494383366526144
ESRRA,0.10186987318341587,0.31055577752522645,0,0.501,-1.0767662458714151,0.28305769132676795,-1.0139271235971994,0.3106175277716925,-0.024458625750699323,0.024458625750699323,0.0,1.0,0.5352413613852671
ESRRA_negation,0.010576598943017759,0.05506579301351849,4,-0.374,1.0767662458714151,0.28305769132676795,1.0139271235971994,0.3106175277716925,-0.02445873810553226,0.02445873810553226,0.0,0.9897959183673469,0.18754291823444702
ETS1,0.9622859859210334,0.9954966280647048,58,0.626,-2.875894470364964,0.004559544886874706,-2.5536220954098607,0.010660889401481686,-0.13393001057558002,0.13393001057558002,0.07407407407407407,0.8724489795918368,1.0
ETS1_negation,0.00019363614334853436,0.0017543209555133982,0,-0.249,2.875894470364964,0.004559544886874706,2.5536220954098607,0.010660889401481686,-0.1339305562893642,0.1339305562893642,0.0,1.0,0.014465453492829775
ETS2,0.740036585432338,0.9310158537320637,93,0.126,-9.713875109843412,1.7239637912311712e-20,-3.5983882487307137,0.0003201953803946358,-0.9475272215556696,0.9475272215556696,0.009259259259259259,0.7653061224489796,1.0
ETS2_negation,1.5941978880415314e-06,2.129218343297756e-05,0,-0.124,9.713875109843412,1.7239637912311712e-20,3.5983882487307137,0.0003201953803946358,-0.9475379387188312,0.9475379387188312,0.0,1.0,0.00037064171161109086
ETV1,0.10496034599649803,0.3159631558415233,0,0.751,,,0.0,1.0,0.0,0.0,0.0,1.0,0.5352413613852671
ETV1_negation,0.10496034599649803,0.3159631558415233,0,-0.749,,,0.0,1.0,0.0,0.0,0.0,1.0,0.5352413613852671
ETV4,0.21732032209605395,0.5079708762180498,0,0.376,-1.401750624326746,0.16278200376727628,-1.334352164140528,0.18208846936669154,-0.05386790590510094,0.05386790590510094,0.0,1.0,0.7484210401958727
ETV4_negation,0.004895014771125657,0.02984302031833606,27,-0.249,1.401750624326746,0.16278200376727628,1.334352164140528,0.18208846936669154,-0.05386826562034064,0.05386826562034064,0.05555555555555555,0.9464285714285714,0.1230370135931399
EZH2,0.026486370516517633,0.11588086192160414,65,0.376,2.122416803814982,0.03458244506542163,0.4242247015644069,0.6714019477605369,0.054967611853789664,0.054967611853789664,0.09259259259259259,0.8596938775510204,0.3148208387465546
EZH2_negation,0.1632800895811323,0.42374215487596584,41,-0.374,-2.122416803814982,0.03458244506542163,-0.4242247015644069,0.6714019477605369,0.0549679052385606,0.0549679052385606,0.018518518518518517,0.9005102040816326,0.6557301534632387
FLI1,0.9999911468120813,0.9999996332307803,124,0.126,-11.107380562467563,2.6551382930316257e-25,-4.87031018196726,1.1142319577683487e-06,-0.6127807079527933,0.6127807079527933,0.009259259259259259,0.6862244897959183,1.0
FLI1_negation,2.543381277538637e-06,3.3530169019325824e-05,0,-0.124,11.107380562467563,2.6551382930316257e-25,4.87031018196726,1.1142319577683487e-06,-0.6127886229656714,0.6127886229656714,0.0,1.0,0.000492474357471348
FOS,0.12073245846895506,0.3472840235357227,96,0.501,0.26979111669367994,0.7876406399192445,0.24407963769086885,0.8071691424664349,0.011621480838403383,0.011621480838403383,0.18518518518518517,0.8061224489795918,0.5767182117157529
FOSB,2.9443383089447293e-05,0.00032011427398468366,0,0.876,7.337687171230875,1.7373241009955763e-12,4.09895835314758,4.1501369696523674e-05,0.058272972795557786,0.058272972795557786,0.0,1.0,0.003343415750506696
FOSB_negation,0.9998097602829096,0.9999905495816825,142,-0.874,-7.337687171230875,1.7373241009955763e-12,-4.09895835314758,4.1501369696523674e-05,0.058273110355287046,0.058273110355287046,0.08333333333333333,0.6607142857142857,1.0
FOSL2,0.007771675068239942,0.04357715324149264,53,0.376,4.454448285984974,1.1393675272523217e-05,2.7992060760140784,0.005122843173477479,0.17715408224727797,0.17715408224727797,0.06481481481481481,0.8826530612244898,0.16000985955860578
FOSL2_negation,0.9946680746234365,0.9996138254607262,108,-0.374,-4.454448285984974,1.1393675272523217e-05,-2.7992060760140784,0.005122843173477479,0.1771550603604481,0.1771550603604481,0.027777777777777776,0.7321428571428571,1.0
FOS_negation,0.19589808032649172,0.47621627356243645,6,-0.249,-0.26979111669367994,0.7876406399192445,-0.24407963769086885,0.8071691424664349,0.011621532143912653,0.011621532143912653,0.0,0.9846938775510204,0.7105449161090323
FOXO1,0.5194942184441964,0.8102994085147236,0,0.376,-4.608908516963109,8.392230440499084e-06,-4.239990501274045,2.2352924526563856e-05,-0.27205682150682087,0.27205682150682087,0.0,1.0,1.0
FOXO1_negation,6.844356273933598e-07,9.619128634370299e-06,201,-0.374,4.608908516963109,8.392230440499084e-06,4.239990501274045,2.2352924526563856e-05,-0.272058751458577,0.272058751458577,0.5925925925925926,0.6505102040816326,0.00018083961832616162
GABPA,0.05756250760980718,0.20707012063892705,0,0.751,-0.31336096496282967,0.7543869534681943,-0.25724263818267223,0.7969914706892387,-0.0043637961667359025,0.0043637961667359025,0.0,1.0,0.47015921111253967
GABPA_negation,0.00546030250675927,0.03272339820783604,0,-0.624,0.31336096496282967,0.7543869534681943,0.25724263818267223,0.7969914706892387,-0.004363809238364745,0.004363809238364745,0.0,1.0,0.13319281453213777
GABPB2,0.49092840694328127,0.7881007615478286,75,0.501,-1.392986932707132,0.16521388655436947,-0.7897800295082043,0.42965624391892476,-0.017302824940783543,0.017302824940783543,0.1111111111111111,0.8392857142857143,1.0
GABPB2_negation,0.010696936690855426,0.056062589489559514,0,-0.499,1.392986932707132,0.16521388655436947,0.7897800295082043,0.42965624391892476,-0.017302891879423566,0.017302891879423566,0.0,1.0,0.18821012185780694
GATA1,0.5664367206545652,0.84039557912257,0,0.626,-1.3935337618601675,0.1651019138076122,-1.9579023017236723,0.05024147777737454,-0.04573787805281955,0.04573787805281955,0.0,1.0,1.0
GATA1_negation,0.06756020852642294,0.2314685390793616,67,-0.499,1.3935337618601675,0.1651019138076122,1.9579023017236723,0.05024147777737454,-0.045738057305149474,0.045738057305149474,0.1111111111111111,0.8596938775510204,0.5083654830247661
GATA2,0.13005898416749972,0.36418836134820853,36,0.376,-4.034857817020531,6.450268457869642e-05,-1.0274662098173402,0.3042009886046225,-0.16675769490556944,0.16675769490556944,0.0,0.9081632653061225,0.5882080063012303
GATA2_negation,0.01373671389582824,0.06880167260445855,0,-0.249,4.034857817020531,6.450268457869642e-05,1.0274662098173402,0.3042009886046225,-0.16675881940138057,0.16675881940138057,0.0,1.0,0.21934258025311942
GATA4,0.10496034599649803,0.3159631558415233,0,0.376,,,0.0,1.0,0.0,0.0,0.0,1.0,0.5352413613852671
GATA4_negation,0.10496034599649803,0.3159631558415233,0,-0.374,,,0.0,1.0,0.0,0.0,0.0,1.0,0.5352413613852671
GFI1,0.10496034599649803,0.3159631558415233,0,0.626,,,0.0,1.0,0.0,0.0,0.0,1.0,0.5352413613852671
GFI1_negation,0.10496034599649803,0.3159631558415233,0,-0.624,,,0.0,1.0,0.0,0.0,0.0,1.0,0.5352413613852671
GLI1,0.009392997686952969,0.05115707550509334,0,0.501,-0.33350372975128456,0.7391851866227444,-0.3587857848337271,0.719755347680287,-0.017549119044975338,0.017549119044975338,0.0,1.0,0.17679283446613137
GLI1_negation,0.014002984255055964,0.07046963748557666,0,-0.249,0.33350372975128456,0.7391851866227444,0.3587857848337271,0.719755347680287,-0.017549214428731474,0.017549214428731474,0.0,1.0,0.21934258025311942
GLI2,0.10496034599649803,0.3159631558415233,0,0.251,,,0.0,1.0,0.0,0.0,0.0,1.0,0.5352413613852671
GLI2_negation,0.10496034599649803,0.3159631558415233,0,-0.249,,,0.0,1.0,0.0,0.0,0.0,1.0,0.5352413613852671
GTF2I,0.7700245857446265,0.9430781628409748,90,0.376,-3.217534521786905,0.0014771911752409267,-1.7751246377517735,0.07587730971147169,-0.05109398460765424,0.05109398460765424,0.09259259259259259,0.7959183673469388,1.0
GTF2I_negation,0.0024935467041872685,0.01691222542144433,0,-0.374,3.217534521786905,0.0014771911752409267,1.7751246377517735,0.07587730971147169,-0.05109424432467604,0.05109424432467604,0.0,1.0,0.08484396626378621
HBP1,0.00029071612400289465,0.0025408587073926336,0,0.626,0.8750105844322497,0.3830164961831589,1.332847821227179,0.18258174875788535,0.020511740697095566,0.020511740697095566,0.0,1.0,0.018372362961146735
HBP1_negation,0.10645728830950639,0.32141655700199,25,-0.499,-0.8750105844322497,0.3830164961831589,-1.332847821227179,0.18258174875788535,0.020511816327434332,0.020511816327434332,0.1111111111111111,0.9668367346938775,0.5395206492533404
HDAC1,0.00022246100931118363,0.0020392530320002427,80,0.626,6.97148964986729,1.0484590014287668e-11,2.499841836257635,0.012424876431090168,0.13331379649307915,0.13331379649307915,0.018518518518518517,0.8010204081632653,0.016123099700754543
HDAC1_negation,0.9988658590839095,0.9999351104025249,139,-0.624,-6.97148964986729,1.0484590014287668e-11,-2.499841836257635,0.012424876431090168,0.13331424342983056,0.13331424342983056,0.009259259259259259,0.6479591836734694,1.0
HDAC2,0.042985978793240114,0.16871518186902387,0,0.376,1.0249823057003025,0.30671496706866025,0.6468674527400531,0.5177177320889448,0.0207003155884714,0.0207003155884714,0.0,1.0,0.40251845420528537
HDAC2_negation,0.23337063718365134,0.5282326847199516,90,-0.374,-1.0249823057003025,0.30671496706866025,-0.6468674527400531,0.5177177320889448,0.020700432562825895,0.020700432562825895,0.14814814814814814,0.8112244897959183,0.7721648805815075
HDAC3,0.005467102486543633,0.03287312018239996,17,0.751,0.8416054860723741,0.4012068182727029,0.8115930017517642,0.41702520825027867,0.0225619238744393,0.0225619238744393,0.037037037037037035,0.9668367346938775,0.13319281453213777
HDAC3_negation,0.04338179815058189,0.169645141722919,0,-0.499,-0.8416054860723741,0.4012068182727029,-0.8115930017517642,0.41702520825027867,0.02256199773443616,0.02256199773443616,0.0,1.0,0.4026930131806663
HDAC4,0.015372394415501634,0.07501039008492028,0,0.626,0.9532499773554015,0.3418248031680897,0.934949120646379,0.3498145208599237,0.0436614313280611,0.0436614313280611,0.0,1.0,0.22892781389553593
HDAC4_negation,0.10534541669943104,0.31772838260955216,66,-0.374,-0.9532499773554015,0.3418248031680897,-0.934949120646379,0.3498145208599237,0.04366161370990885,0.04366161370990885,0.1111111111111111,0.8622448979591837,0.5352413613852671
HDAC9,0.0005875924750670752,0.0048212805192490655,0,0.501,3.503735908021001,0.0005512712366336751,2.248992655456696,0.024512963351281364,0.08672277519478934,0.08672277519478934,0.0,1.0,0.029815813737461328
HDAC9_negation,0.915348057134119,0.9867237485877351,103,-0.499,-3.503735908021001,0.0005512712366336751,-2.248992655456696,0.024512963351281364,0.08672314826965402,0.08672314826965402,0.09259259259259259,0.7627551020408163,1.0
HDGF,0.10496034599649803,0.3159631558415233,0,0.501,,,0.0,1.0,0.0,0.0,0.0,1.0,0.5352413613852671
HDGF_negation,0.10496034599649803,0.3159631558415233,0,-0.499,,,0.0,1.0,0.0,0.0,0.0,1.0,0.5352413613852671
HES1,0.3247920850430241,0.6391989174512572,22,0.376,-4.821685249852852,2.042142279665842e-06,-0.8935796905292825,0.37154681677932344,-0.052992948863248984,0.052992948863248984,0.0,0.9438775510204082,0.8835985035355614
HES1_negation,0.013939742956756714,0.07012519524608621,0,-0.374,4.821685249852852,2.042142279665842e-06,0.8935796905292825,0.37154681677932344,-0.052993226365245984,0.052993226365245984,0.0,1.0,0.21934258025311942
HIF1A,0.7580538088098355,0.939003265598545,92,0.501,-0.5653903974129408,0.5725133965002944,-0.8063278015550429,0.42005386423399016,-0.024621287831164428,0.024621287831164428,0.12962962962962962,0.8010204081632653,1.0
HIF1A_negation,0.012120940560815559,0.06177267710080133,66,-0.374,0.5653903974129408,0.5725133965002944,0.8063278015550429,0.42005386423399016,-0.02462139884350892,0.02462139884350892,0.09259259259259259,0.8571428571428571,0.20590892366933777
HIPK2,0.10496034599649803,0.3159631558415233,0,0.751,,,0.0,1.0,0.0,0.0,0.0,1.0,0.5352413613852671
HIPK2_negation,0.10496034599649803,0.3159631558415233,0,-0.749,,,0.0,1.0,0.0,0.0,0.0,1.0,0.5352413613852671
HIVEP2,0.6600246241067116,0.8938223649593678,63,0.626,-3.1307417866298928,0.002110692680043315,-2.433650748070281,0.014947409798551942,-0.06370672923405478,0.06370672923405478,0.08333333333333333,0.8622448979591837,1.0
HIVEP2_negation,5.086381143509382e-05,0.0005498610460259138,18,-0.499,3.1307417866298928,0.002110692680043315,2.433650748070281,0.014947409798551942,-0.06370693514266662,0.06370693514266662,0.07407407407407407,0.9744897959183674,0.00516869383264359
HLX,0.10496034599649803,0.3159631558415233,0,0.501,,,0.0,1.0,0.0,0.0,0.0,1.0,0.5352413613852671
HLX_negation,0.10496034599649803,0.3159631558415233,0,-0.499,,,0.0,1.0,0.0,0.0,0.0,1.0,0.5352413613852671
HMGA1,0.7578667215793597,0.9388649582030525,25,0.376,-3.425457794364521,0.0007193803426509959,-1.9755783309555224,0.04820255485507989,-0.10758138162666257,0.10758138162666257,0.009259259259259259,0.9387755102040817,1.0
HMGA1_negation,0.0011464379562023713,0.008675007611321213,0,-0.249,3.425457794364521,0.0007193803426509959,1.9755783309555224,0.04820255485507989,-0.10758214392062926,0.10758214392062926,0.0,1.0,0.05033646391754283
HMGN1,0.12994067020668615,0.36351481907065974,0,0.501,4.519375130586502,1.0435134859900273e-05,3.5058711595597525,0.0004551154662338174,0.16292838666118817,0.16292838666118817,0.0,1.0,0.5882080063012303
HMGN1_negation,0.9730082811753938,0.9970893418305081,149,-0.374,-4.519375130586502,1.0435134859900273e-05,-3.5058711595597525,0.0004551154662338174,0.16292917935907242,0.16292917935907242,0.12962962962962962,0.6556122448979592,1.0
HNRNPD,0.015570791422908957,0.07610363437597516,28,0.751,1.2830751784563144,0.20132116687356277,0.9951228371803374,0.3196765247714043,0.07665672388738387,0.07665672388738387,0.06481481481481481,0.9464285714285714,0.22928659074813026
HNRNPD_negation,0.15447063602313105,0.4100969913137129,0,-0.374,-1.2830751784563144,0.20132116687356277,-0.9951228371803374,0.3196765247714043,0.07665704703571008,0.07665704703571008,0.0,1.0,0.6424852863914835
HOPX,0.006812984884822793,0.039071900829053444,0,0.376,1.229005736275969,0.22088085563389587,0.9191535200562149,0.35801527868930005,0.03734279637924635,0.03734279637924635,0.0,1.0,0.14970460593264934
HOPX_negation,0.2658259950976516,0.5732472715034606,0,-0.249,-1.229005736275969,0.22088085563389587,-0.9191535200562149,0.35801527868930005,0.0373430642930566,0.0373430642930566,0.0,1.0,0.8214213951421537
HOXA1,0.03313813579986993,0.13611256501167754,0,0.126,0.7141450808875026,0.47601172174680195,0.29334686810304733,0.7692570329226153,0.028421702791849204,0.028421702791849204,0.0,1.0,0.3537084900605999
HOXA10,7.09083091313302e-06,8.991517856515104e-05,0,0.501,11.275358948411233,2.453402161003653e-26,4.481437538866554,7.414193297430798e-06,0.21569730128552683,0.21569730128552683,0.0,1.0,0.0011305245072468575
HOXA10_negation,0.9999228955798626,0.9999965063211032,115,-0.499,-11.275358948411233,2.453402161003653e-26,-4.481437538866554,7.414193297430798e-06,0.21569823624138282,0.21569823624138282,0.009259259259259259,0.7091836734693877,1.0
HOXA1_negation,0.1848127988183919,0.4564165640718911,35,-0.124,-0.7141450808875026,0.47601172174680195,-0.29334686810304733,0.7692570329226153,0.02842218906728007,0.02842218906728007,0.05555555555555555,0.9260204081632653,0.6875505933134257
HOXA7,0.09365091050214562,0.29457240280088587,143,0.501,0.4429988473184294,0.65833894188232,0.5253917624871245,0.5993108787810566,0.016311801342339297,0.016311801342339297,0.3148148148148148,0.7219387755102041,0.5352413613852671
HOXA7_negation,0.026486370516517633,0.11588086192160414,0,-0.499,-0.4429988473184294,0.65833894188232,-0.5253917624871245,0.5993108787810566,0.01631185792276059,0.01631185792276059,0.0,1.0,0.3148208387465546
HOXA9,2.543381277538637e-06,3.3530169019325824e-05,0,0.251,12.0708172124005,1.7610520988542436e-29,4.8484972097237,1.2440028059270297e-06,0.23950768304238265,0.23950768304238265,0.0,1.0,0.000492474357471348
HOXA9_negation,0.9999911468120813,0.9999996332307803,124,-0.249,-12.0708172124005,1.7610520988542436e-29,-4.8484972097237,1.2440028059270297e-06,0.23950977703380855,0.23950977703380855,0.009259259259259259,0.6862244897959183,1.0
HOXC13,0.07761865999829096,0.2550836513658832,0,0.501,0.2949735507228566,0.7683794852062802,0.21812972243559928,0.8273280397867785,0.00611176908305482,0.00611176908305482,0.0,1.0,0.5352413613852671
HOXC13_negation,0.1755838855450103,0.4456378243849515,0,-0.374,-0.2949735507228566,0.7683794852062802,-0.21812972243559928,0.8273280397867785,0.00611179932181238,0.00611179932181238,0.0,1.0,0.6756444434223458
HSF1,0.7562776536288657,0.9376351009054321,120,0.626,-3.2685184504278055,0.001297029074469489,-2.6976629293630237,0.006982810485669656,-0.11711843678792014,0.11711843678792014,0.14814814814814814,0.7346938775510204,1.0
HSF1_negation,1.711555572017176e-05,0.00019406667314802385,0,-0.374,3.2685184504278055,0.001297029074469489,2.6976629293630237,0.006982810485669656,-0.1171188477481189,0.1171188477481189,0.0,1.0,0.0022802834094892803
HSF2,0.9720254867881727,0.9969577756677874,94,0.376,-5.412463658419728,1.62508851770504e-07,-4.091436638580835,4.2870908372875354e-05,-0.2025377101606862,0.2025377101606862,0.046296296296296294,0.7729591836734694,1.0
HSF2_negation,9.544331705307963e-05,0.000943054317081761,0,-0.249,5.412463658419728,1.62508851770504e-07,4.091436638580835,4.2870908372875354e-05,-0.20253893771536566,0.20253893771536566,0.0,1.0,0.008058827800516867
IKBKB,0.7578667215793597,0.9388649582030525,25,0.626,-3.7042509486345883,0.0002548402925747615,-1.9789631025105576,0.04782016066479398,-0.06466090005534499,0.06466090005534499,0.009259259259259259,0.9387755102040817,1.0
IKBKB_negation,0.0011464379562023713,0.008675007611321213,0,-0.499,3.7042509486345883,0.0002548402925747615,1.9789631025105576,0.04782016066479398,-0.06466114233316181,0.06466114233316181,0.0,1.0,0.05033646391754283
ILF3,1.0,1.0,0,0.751,-13.15999000077832,5.185677846488402e-31,-8.786114785414604,1.5482140855685718e-18,-0.16832190278009418,0.16832190278009418,0.0,1.0,1.0
ILF3_negation,2.1645191345359342e-32,5.797850265600361e-31,31,-0.624,13.15999000077832,5.185677846488402e-31,8.786114785414604,1.5482140855685718e-18,-0.1683224178534822,0.1683224178534822,0.10185185185185185,0.9489795918367347,9.083298749440566e-29
ING1,0.05839108051584408,0.2109336004428036,0,0.251,-0.15663172025928473,0.8757341276440522,-0.02557382952693233,0.9795972602533087,-0.001163541926849438,0.001163541926849438,0.0,1.0,0.4766288086928735
ING1_negation,0.07717635981945963,0.2538452413637902,4,-0.249,0.15663172025928473,0.8757341276440522,0.02557382952693233,0.9795972602533087,-0.0011635512747469195,0.0011635512747469195,0.009259259259259259,0.9923469387755102,0.5352413613852671
ING4,0.07950393984573537,0.262748347191609,27,0.376,-0.8863207139529815,0.3767258447000029,-1.0011402088337333,0.31675902812801915,-0.03453250606705952,0.03453250606705952,0.06481481481481481,0.9489795918367347,0.5352413613852671
ING4_negation,0.0033483123607518837,0.02109897720967512,0,-0.249,0.8863207139529815,0.3767258447000029,1.0011402088337333,0.31675902812801915,-0.034532731119978025,0.034532731119978025,0.0,1.0,0.09818335929254758
IRF1,0.035462107583403187,0.14501516290081376,52,0.376,1.3007142832174992,0.1954318852160858,0.5445721346323237,0.5860478239808532,0.07260173695707493,0.07260173695707493,0.14814814814814814,0.9081632653061225,0.3625379072520344
IRF1_negation,0.042985978793240114,0.16871518186902387,0,-0.249,-1.3007142832174992,0.1954318852160858,-0.5445721346323237,0.5860478239808532,0.07260221705618808,0.07260221705618808,0.0,1.0,0.40251845420528537
IRF2,1.4117613507872998e-08,2.3412300615302016e-07,0,0.376,4.021096025890263,9.256282629057283e-05,3.2674328077939423,0.0010852762501616516,0.12958215693883382,0.12958215693883382,0.0,1.0,5.791463836416814e-06
IRF2_negation,0.5053653474546186,0.8002349076451158,0,-0.249,-4.021096025890263,9.256282629057283e-05,-3.2674328077939423,0.0010852762501616516,0.12958306501204372,0.12958306501204372,0.0,1.0,1.0
IRF4,0.10496034599649803,0.3159631558415233,0,0.501,,,0.0,1.0,0.0,0.0,0.0,1.0,0.5352413613852671
IRF4_negation,0.10496034599649803,0.3159631558415233,0,-0.499,,,0.0,1.0,0.0,0.0,0.0,1.0,0.5352413613852671
IRF7,0.38991222776890655,0.7047109464220498,0,0.376,-1.8058414786215615,0.07256570257064045,-1.335856507053877,0.18159617915335602,-0.15855535574580223,0.15855535574580223,0.0,1.0,0.9382836963693015
IRF7_negation,0.0012379358456595568,0.00930721794523041,0,-0.124,1.8058414786215615,0.07256570257064045,1.335856507053877,0.18159617915335602,-0.15855701898916005,0.15855701898916005,0.0,1.0,0.05223960595610621
JUN,0.008492621302494032,0.04682951431548595,37,0.376,1.8908840056220209,0.06043775472304034,1.8202549251522424,0.06872019222545381,0.09125961219274288,0.09125961219274288,0.1111111111111111,0.9362244897959183,0.16674145248695757
JUND,0.99915824962871,0.999953588016838,131,0.376,-4.168180621596935,4.453781339197313e-05,-3.5780796194005027,0.00034612802270586395,-0.15671265601945927,0.15671265601945927,0.07407407407407407,0.6862244897959183,1.0
JUND_negation,2.8779795341833093e-05,0.000314426404529564,0,-0.374,4.168180621596935,4.453781339197313e-05,3.5780796194005027,0.00034612802270586395,-0.1567133955314077,0.1567133955314077,0.0,1.0,0.003343415750506696
JUN_negation,0.36413536046033135,0.6806844540166048,30,-0.249,-1.8908840056220209,0.06043775472304034,-1.8202549251522424,0.06872019222545381,0.09126019359149887,0.09126019359149887,0.05555555555555555,0.9387755102040817,0.9193152108844951
KHSRP,0.9113810060266034,0.98578187607623,44,0.126,-5.532555541734198,5.1325336013769605e-08,-1.6025012884449803,0.1090448028440184,-0.31301204476810934,0.31301204476810934,0.009259259259259259,0.8903061224489796,1.0
KHSRP_negation,0.029818379579499073,0.12672987532848692,0,-0.124,5.532555541734198,5.1325336013769605e-08,1.6025012884449803,0.1090448028440184,-0.3130164650841761,0.3130164650841761,0.0,1.0,0.33583809207267035
KLF10,0.5806040218569365,0.8496393053325445,43,0.251,-6.506007398494294,2.365114658068906e-10,-1.7465421223981432,0.08071679431569033,-0.0978167780270215,0.0978167780270215,0.0,0.8903061224489796,1.0
KLF10_negation,0.00248589284830379,0.016685498120081292,0,-0.249,6.506007398494294,2.365114658068906e-10,1.7465421223981432,0.08071679431569033,-0.09781753462513601,0.09781753462513601,0.0,1.0,0.08484396626378621
KLF2,0.1102749146187982,0.3270108560024039,91,0.626,-2.2434204335666963,0.02642664051891838,-1.780765923676832,0.07495069845434997,-0.06850694704533246,0.06850694704533246,0.2222222222222222,0.8290816326530612,0.5469576595058001
KLF2_negation,2.232914206321591e-07,3.345541079903702e-06,33,-0.499,2.2434204335666963,0.02642664051891838,1.780765923676832,0.07495069845434997,-0.06850716895222668,0.06850716895222668,0.1388888888888889,0.9540816326530612,7.487639559784476e-05
KLF4,0.7191998477265925,0.9220376400085647,110,0.501,-4.196095446875089,3.714731806189599e-05,-2.6318479269040065,0.008492186504475861,-0.12067495150177761,0.12067495150177761,0.06481481481481481,0.7372448979591837,1.0
KLF4_negation,0.10014680392310052,0.3059454686748245,199,-0.499,4.196095446875089,3.714731806189599e-05,2.6318479269040065,0.008492186504475861,-0.12067546312259356,0.12067546312259356,0.4444444444444444,0.6147959183673469,0.5352413613852671
KLF5,0.9809107876600232,0.9981602501787078,0,0.626,-2.5090716516369147,0.012918431005628662,-1.9225502432599717,0.05453655792718449,-0.08690833600894002,0.08690833600894002,0.0,1.0,1.0
KLF5_negation,0.0027020759295827207,0.018183024277276676,0,-0.374,2.5090716516369147,0.012918431005628662,1.9225502432599717,0.05453655792718449,-0.08690870036896375,0.08690870036896375,0.0,1.0,0.0872043001053065
KLF6,0.10496034599649803,0.3159631558415233,16,0.376,-2.162858787465558,0.0312208517232921,-0.4618332743981309,0.6442008871653998,-0.01383941138091831,0.01383941138091831,0.009259259259259259,0.9617346938775511,0.5352413613852671
KLF6_negation,0.015757985574936247,0.07788251860839036,0,-0.374,2.162858787465558,0.0312208517232921,0.4618332743981309,0.6442008871653998,-0.01383948461239062,0.01383948461239062,0.0,1.0,0.23021876569775768
KLF8,0.1197198498959364,0.34522483290999983,0,0.501,-2.1176050597961313,0.0354946372976803,-1.4787690838220282,0.13920204133324937,-0.0414654447640628,0.0414654447640628,0.0,1.0,0.5753747215166664
KLF8_negation,0.0048046671717230025,0.029197666762754038,0,-0.374,2.1176050597961313,0.0354946372976803,1.4787690838220282,0.13920204133324937,-0.04146565009125129,0.04146565009125129,0.0,1.0,0.12241918958739031
LMO2,0.28741946164727655,0.597708367933235,0,0.501,-0.4638092666401997,0.6433565354816295,-0.2963555539297452,0.7669585643443104,-0.008479734557239967,0.008479734557239967,0.0,1.0,0.8436124111970584
LMO2_negation,0.05308718917923568,0.19410044787310024,0,-0.374,0.4638092666401997,0.6433565354816295,0.2963555539297452,0.7669585643443104,-0.008479777401930389,0.008479777401930389,0.0,1.0,0.4471922083350839
LYL1,0.5550584990664571,0.833715238043116,93,0.501,-3.7337891185275525,0.00023506375516994606,-2.215897111363019,0.02669854942433393,-0.08017641506087796,0.08017641506087796,0.07407407407407407,0.7831632653061225,1.0
LYL1_negation,0.0004954326661897365,0.004119292178801846,0,-0.499,3.7337891185275525,0.00023506375516994606,2.215897111363019,0.02669854942433393,-0.08017671587712147,0.08017671587712147,0.0,1.0,0.026521470192285856
MBD2,0.10496034599649803,0.3159631558415233,0,0.251,,,0.0,1.0,0.0,0.0,0.0,1.0,0.5352413613852671
MBD2_negation,0.10496034599649803,0.3159631558415233,0,-0.249,,,0.0,1.0,0.0,0.0,0.0,1.0,0.5352413613852671
MEF2A,0.6119377904260377,0.8692011113838732,0,0.876,0.18737747277956038,0.851564643999561,0.07296063129742458,0.9418374456521378,0.0036443679281837993,0.0036443679281837993,0.0,1.0,1.0
MEF2A_negation,0.014834117104337179,0.07329962674885214,10,-0.624,-0.18737747277956038,0.851564643999561,-0.07296063129742458,0.9418374456521378,0.003644377858005949,0.003644377858005949,0.0,0.9744897959183674,0.22516878805202942
MEF2C,0.14401909428619786,0.39097169893789974,21,0.126,-1.7654252174771854,0.07861685926289277,-0.4768767035316205,0.6334499219734585,-0.04181220450289067,0.04181220450289067,0.018518518518518517,0.951530612244898,0.6250227840163703
MEF2C_negation,0.029818379579499073,0.12672987532848692,0,-0.124,1.7654252174771854,0.07861685926289277,0.4768767035316205,0.6334499219734585,-0.04181285191268905,0.04181285191268905,0.0,1.0,0.33583809207267035
MEF2D,0.08818482772121423,0.2784895802991309,0,0.626,-0.1373639813831768,0.890910196502199,-0.3497597273536333,0.7265190252116367,-0.0053953923748964235,0.0053953923748964235,0.0,1.0,0.5352413613852671
MEF2D_negation,0.03491989108420899,0.14179357964511552,0,-0.374,0.1373639813831768,0.890910196502199,0.3497597273536333,0.7265190252116367,-0.005395416608873138,0.005395416608873138,0.0,1.0,0.36219012191958855
MEN1,0.022457134034552035,0.10213834623147083,0,0.626,3.019220302301344,0.002690529035835371,0.7055368263606625,0.48047622261163025,0.025897657524407154,0.025897657524407154,0.0,1.0,0.2909729224858778
MEN1_negation,0.31916947423616404,0.6333412756319253,22,-0.624,-3.019220302301344,0.002690529035835371,-0.7055368263606625,0.48047622261163025,0.025897741456194667,0.025897741456194667,0.009259259259259259,0.9464285714285714,0.8835985035355614
MITF,0.9730082811753938,0.9970893418305081,149,0.376,-4.519375130586502,1.0435134859900273e-05,-3.5058711595597525,0.0004551154662338174,-0.1986463731383355,0.1986463731383355,0.12962962962962962,0.6556122448979592,1.0
MITF_negation,0.12994067020668615,0.36351481907065974,0,-0.249,4.519375130586502,1.0435134859900273e-05,3.5058711595597525,0.0004551154662338174,-0.19864755210204174,0.19864755210204174,0.0,1.0,0.5882080063012303
MLLT10,0.08107717321203417,0.26503997373737626,0,0.751,0.5313649068917102,0.5958754464374527,0.6427305097283434,0.5203989804160077,0.0073440081311120405,0.0073440081311120405,0.0,1.0,0.5352413613852671
MLLT10_negation,0.21732032209605395,0.5079708762180498,17,-0.624,-0.5313649068917102,0.5958754464374527,-0.6427305097283434,0.5203989804160077,0.007344028487622124,0.007344028487622124,0.046296296296296294,0.9693877551020408,0.7484210401958727
MLLT3,0.1755838855450103,0.4456378243849515,0,0.626,-1.0851454374511726,0.27928069225173724,-0.7175715696674542,0.47302149267473004,-0.01552084210418894,0.01552084210418894,0.0,1.0,0.6756444434223458
MLLT3_negation,0.08107717321203417,0.26503997373737626,0,-0.499,1.0851454374511726,0.27928069225173724,0.7175715696674542,0.47302149267473004,-0.015520901384886553,0.015520901384886553,0.0,1.0,0.5352413613852671
MSX2,0.0004164555951575246,0.0034859076407868957,0,0.501,0.8089170082153943,0.4197047784040947,0.9048622623793998,0.36553836161753595,0.0324450394239921,0.0324450394239921,0.0,1.0,0.02445338195775882
MSX2_negation,0.008218632191662552,0.04554629067487394,0,-0.249,-0.8089170082153943,0.4197047784040947,-0.9048622623793998,0.36553836161753595,0.0324451935010173,0.0324451935010173,0.0,1.0,0.16544698244802172
MTA1,0.34613538338004124,0.6635959596836783,95,0.376,-2.7387248234925723,0.006682258857089072,-1.602125202716643,0.10912792588290939,-0.04592268676125141,0.04592268676125141,0.1111111111111111,0.7882653061224489,0.9066572704980489
MTA1_negation,0.0048046671717230025,0.029197666762754038,0,-0.374,2.7387248234925723,0.006682258857089072,1.602125202716643,0.10912792588290939,-0.04592291921636989,0.04592291921636989,0.0,1.0,0.12241918958739031
MTF1,0.7532887305018787,0.936187634171905,26,0.626,-2.082505210516946,0.038624708864817565,-1.6088947458267133,0.10763935857617811,-0.08475344074223551,0.08475344074223551,0.0,0.9336734693877551,1.0
MTF1_negation,0.0004887488995491431,0.0040380694839925735,0,-0.374,2.082505210516946,0.038624708864817565,1.6088947458267133,0.10763935857617811,-0.0847537981176553,0.0847537981176553,0.0,1.0,0.026521470192285856
MYB,0.10496034599649803,0.3159631558415233,0,0.251,,,0.0,1.0,0.0,0.0,0.0,1.0,0.5352413613852671
MYBL1,0.09200101881282464,0.2887899767906802,31,0.501,-0.3241451856701538,0.7462060176054295,-0.13087783346135956,0.8958719501686097,-0.0029211442159692673,0.0029211442159692673,0.05555555555555555,0.9362244897959183,0.5352413613852671
MYBL1_negation,0.035162558947572274,0.14371598404485364,0,-0.499,0.3241451856701538,0.7462060176054295,0.13087783346135956,0.8958719501686097,-0.0029211557288466574,0.0029211557288466574,0.0,1.0,0.3625379072520344
MYBL2,0.10496034599649803,0.3159631558415233,0,0.626,,,0.0,1.0,0.0,0.0,0.0,1.0,0.5352413613852671
MYBL2_negation,0.10496034599649803,0.3159631558415233,0,-0.624,,,0.0,1.0,0.0,0.0,0.0,1.0,0.5352413613852671
MYB_negation,0.10496034599649803,0.3159631558415233,0,-0.249,,,0.0,1.0,0.0,0.0,0.0,1.0,0.5352413613852671
MYC,0.4541690535551098,0.7607477870925249,100,0.751,-0.9451704202060963,0.3456763003524922,-0.9210339486979011,0.3570327029634176,-0.01323363789265084,0.01323363789265084,0.12962962962962962,0.7806122448979592,0.9822842305865018
MYCN,0.06529694132992955,0.22515206978762145,13,0.376,-1.070826349428029,0.28587737286202236,-1.5126167993723798,0.13037702443122037,-0.048481816233528936,0.048481816233528936,0.027777777777777776,0.9744897959183674,0.5039117752389622
MYCN_negation,0.00963432657282197,0.052143792549032605,43,-0.249,1.070826349428029,0.28587737286202236,1.5126167993723798,0.13037702443122037,-0.04848211911886215,0.04848211911886215,0.08333333333333333,0.9132653061224489,0.17888746348938192
MYC_negation,0.05058440959334268,0.1897930778280821,61,-0.749,0.9451704202060963,0.3456763003524922,0.9210339486979011,0.3570327029634176,-0.013233672912950871,0.013233672912950871,0.10185185185185185,0.8724489795918368,0.43942239694186497
NANOG,0.007207114337999948,0.04047024575680397,0,0.626,1.3223109377525666,0.18795778376736538,1.0109184377705016,0.31205546857772437,0.02157337130018581,0.02157337130018581,0.0,1.0,0.15216812404558291
NANOG_negation,0.15447063602313105,0.4100969913137129,0,-0.499,-1.3223109377525666,0.18795778376736538,-1.0109184377705016,0.31205546857772437,0.021573452596670883,0.021573452596670883,0.0,1.0,0.6424852863914835
NCOA6,0.9964630109108771,0.9997663820136828,149,0.501,-5.31621630423116,2.4469282058815434e-07,-3.4193714420421872,0.0006276598329867986,-0.07314033964926525,0.07314033964926525,0.12962962962962962,0.6556122448979592,1.0
NCOA6_negation,4.7751024752455095e-05,0.0004987899270926464,0,-0.499,5.31621630423116,2.4469282058815434e-07,3.4193714420421872,0.0006276598329867986,-0.07314061596425267,0.07314061596425267,0.0,1.0,0.0047843115455825265
NF1,0.022819831740690043,0.1027691598567143,0,0.501,2.746827821141502,0.006653854331595126,2.3377488873442847,0.019400278502094945,0.05988475599689886,0.05988475599689886,0.0,1.0,0.2909729224858778
NF1_negation,0.1644781944148622,0.4255270144814634,0,-0.374,-2.746827821141502,0.006653854331595126,-2.3377488873442847,0.019400278502094945,0.059885026916951155,0.059885026916951155,0.0,1.0,0.6557301534632387
NFAT5,4.299444793045573e-23,1.0172769834206662e-21,0,0.626,20.072340041718974,3.971235938820862e-64,9.686464019053957,3.442406817577476e-22,0.6741946192774623,0.6741946192774623,0.0,1.0,5.976502277596413e-20
NFAT5_negation,1.0,1.0,0,-0.249,-20.072340041718974,3.971235938820862e-64,-9.686464019053957,3.442406817577476e-22,0.6741974319376295,0.6741974319376295,0.0,1.0,1.0
NFATC3,7.862601390911898e-05,0.0007731212495774174,0,0.501,8.969155792168989,7.52830433818396e-18,3.9443871188009747,8.000432808228183e-05,0.09290333242204656,0.09290333242204656,0.0,1.0,0.006855980892478984
NFATC3_negation,0.9990293977796355,0.999946322046214,111,-0.499,-8.969155792168989,7.52830433818396e-18,-3.9443871188009747,8.000432808228183e-05,0.09290371894656908,0.09290371894656908,0.027777777777777776,0.7244897959183674,1.0
NFE2L2,0.5361475958017039,0.8215345906869362,70,0.501,-1.884041103526098,0.061106304897024386,-1.4900516556721455,0.13621065427591109,-0.05647676437460802,0.05647676437460802,0.09259259259259259,0.8469387755102041,1.0
NFE2L2_negation,0.0004954326661897365,0.004119292178801846,0,-0.374,1.884041103526098,0.061106304897024386,1.4900516556721455,0.13621065427591109,-0.05647701823811943,0.05647701823811943,0.0,1.0,0.026521470192285856
NFIC,0.10014680392310052,0.3059454686748245,31,0.626,-0.4622892703123438,0.6444599263109227,-0.4919201326651101,0.6227758052812145,-0.015197710928784802,0.015197710928784802,0.05555555555555555,0.9362244897959183,0.5352413613852671
NFIC_negation,0.00022664923643634093,0.0020925725143532492,0,-0.374,0.4622892703123438,0.6444599263109227,0.4919201326651101,0.6227758052812145,-0.01519776581082782,0.01519776581082782,0.0,1.0,0.016123099700754543
NFKB1,0.042985978793240114,0.16871518186902387,44,0.501,1.8169918488514056,0.07046211841008182,1.4419126824449786,0.14932700794524412,0.037820565098654294,0.037820565098654294,0.05555555555555555,0.9030612244897959,0.40251845420528537
NFKB1_negation,0.7978427190214991,0.9532655308484652,134,-0.499,-1.8169918488514056,0.07046211841008182,-1.4419126824449786,0.14932700794524412,0.03782072276114266,0.03782072276114266,0.16666666666666666,0.7040816326530612,1.0
NFKBIA,0.9463341161141287,0.9929231701500264,58,0.251,-7.802700829872946,4.99791799500295e-13,-6.916592629850183,4.626359580009764e-12,-0.4681020950640148,0.4681020950640148,0.06481481481481481,0.8698979591836735,1.0
NFKBIA_negation,4.459665156986815e-18,1.0166766974278571e-16,0,-0.124,7.802700829872946,4.99791799500295e-13,6.916592629850183,4.626359580009764e-12,-0.46810689207491163,0.46810689207491163,0.0,1.0,3.4131289127935207e-15
NFRKB,0.0034782331706469456,0.0221771500841776,0,0.626,-0.25868327562284077,0.7961919862609869,-0.22414709408899514,0.8226428488199544,-0.004543628878437428,0.004543628878437428,0.0,1.0,0.10022365903426415
NFRKB_negation,0.006373678203265443,0.03704594608310386,0,-0.499,0.25868327562284077,0.7961919862609869,0.22414709408899514,0.8226428488199544,-0.004543645142035185,0.004543645142035185,0.0,1.0,0.14389747652114723
NFYA,0.3420935126317861,0.6617406753240019,35,0.376,-3.6141500294689317,0.00033745256726245806,-1.0485270106042255,0.2943958644012298,-0.035813245190013845,0.035813245190013845,0.018518518518518517,0.9158163265306123,0.9066572704980489
NFYA_negation,0.029898848424041388,0.12718974550837303,0,-0.374,3.6141500294689317,0.00033745256726245806,1.0485270106042255,0.2943958644012298,-0.03581343268586292,0.03581343268586292,0.0,1.0,0.33583809207267035
NFYB,0.9730082811753938,0.9970893418305081,149,0.376,-4.519375130586502,1.0435134859900273e-05,-3.5058711595597525,0.0004551154662338174,-0.1986463731383355,0.1986463731383355,0.12962962962962962,0.6556122448979592,1.0
NFYB_negation,0.12994067020668615,0.36351481907065974,0,-0.249,4.519375130586502,1.0435134859900273e-05,3.5058711595597525,0.0004551154662338174,-0.19864755210204174,0.19864755210204174,0.0,1.0,0.5882080063012303
NFYC,0.10244922170349856,0.3117002723515416,0,0.501,-1.9821227645609383,0.049044236765658396,-1.6878727487775338,0.09143565882932445,-0.044437894308684035,0.044437894308684035,0.0,1.0,0.5352413613852671
NFYC_negation,0.017379197979477498,0.08223721867094307,0,-0.374,1.9821227645609383,0.049044236765658396,1.6878727487775338,0.09143565882932445,-0.044438100916010165,0.044438100916010165,0.0,1.0,0.24157182984589526
NKX2-5,0.10499351385090831,0.31735403753102853,0,0.626,-0.019015267627123703,0.9848511794804351,-0.012034743306791685,0.9903978959097102,-0.0002622719209154615,0.0002622719209154615,0.0,1.0,0.5352413613852671
NKX2-5_negation,0.08958045586715482,0.28244752886605223,0,-0.499,0.019015267627123703,0.9848511794804351,0.012034743306791685,0.9903978959097102,-0.0002622729301928491,0.0002622729301928491,0.0,1.0,0.5352413613852671
NKX3-1,0.0005875924750670752,0.0048212805192490655,0,0.876,2.9388228890118477,0.003744541146026986,2.5002179219859726,0.01241169312817339,0.07472012814121456,0.07472012814121456,0.0,1.0,0.029815813737461328
NKX3-1_negation,0.19011849520876525,0.46522591467313523,0,-0.624,-2.9388228890118477,0.003744541146026986,-2.5002179219859726,0.01241169312817339,0.07472032534157286,0.07472032534157286,0.0,1.0,0.6963572608164763
NPM1,0.9875352111454335,0.9988949209172445,84,0.251,-6.901187877124098,1.8474481994388078e-11,-2.8477211349695826,0.004403349040220324,-0.12194645963950883,0.12194645963950883,0.027777777777777776,0.7933673469387755,1.0
NPM1_negation,0.008341323381988624,0.04613540902523132,0,-0.249,6.901187877124098,1.8474481994388078e-11,2.8477211349695826,0.004403349040220324,-0.12194738230633184,0.12194738230633184,0.0,1.0,0.1655239865790742
NR1I2,0.018888902490278265,0.08981425878113837,0,0.376,2.685444869341597,0.007597728288242184,0.8224994878735442,0.41079267802567876,0.03465604966163643,0.03465604966163643,0.0,1.0,0.26057223226626564
NR1I2_negation,0.30784494682349073,0.6202737511441015,25,-0.374,-2.685444869341597,0.007597728288242184,-0.8224994878735442,0.41079267802567876,0.034656237894224784,0.034656237894224784,0.009259259259259259,0.9387755102040817,0.8728403084961908
NR3C1,0.0012426408369176972,0.009336440213431748,37,0.501,2.144436879830529,0.033383475436816884,1.988741331447326,0.04672976141801152,0.10687077664235062,0.10687077664235062,0.07407407407407407,0.9260204081632653,0.05223960595610621
NR3C1_negation,0.6211246809222701,0.8729942472566168,0,-0.249,-2.144436879830529,0.033383475436816884,-1.988741331447326,0.04672976141801152,0.10687131058465212,0.10687131058465212,0.0,1.0,1.0
NR4A1,0.17974096328984926,0.4507471043644374,0,0.876,-0.045912384181568185,0.9634337820773888,-0.031591201180328175,0.9747980603301064,-0.001872411066682204,0.001872411066682204,0.0,1.0,0.6811933731552591
NR4A1_negation,0.1474104313547698,0.39701318952944714,0,-0.499,0.045912384181568185,0.9634337820773888,0.031591201180328175,0.9747980603301064,-0.0018724175988706513,0.0018724175988706513,0.0,1.0,0.6282700305684854
NR5A1,0.014609688180868465,0.07199314789154351,0,0.501,1.2741349449637156,0.2043493349010781,1.1026833554847881,0.27016469741234095,0.06610692145095508,0.06610692145095508,0.0,1.0,0.2226103915067464
NR5A1_negation,0.23712370720563863,0.5332435634963983,0,-0.249,-1.2741349449637156,0.2043493349010781,-1.1026833554847881,0.27016469741234095,0.06610727142308223,0.06610727142308223,0.0,1.0,0.7735323297632939
NRF1,0.4255111099347457,0.737589203486299,54,0.626,-1.1092448385661506,0.26878312824506645,-0.8273886023419283,0.4080168386278259,-0.024516368803300645,0.024516368803300645,0.07407407407407407,0.8826530612244898,0.9656460324193887
NRF1_negation,0.0025888621992149023,0.017534498752862927,0,-0.499,1.1092448385661506,0.26878312824506645,0.8273886023419283,0.4080168386278259,-0.02451645453071036,0.02451645453071036,0.0,1.0,0.0867496254089008
PARP1,0.03997227722785035,0.15618047975991442,61,0.501,1.96648212537744,0.050761333603631914,1.7063009494660586,0.08795206141116366,0.16196535431414696,0.16196535431414696,0.12962962962962962,0.8801020408163265,0.3823167994122905
PARP1_negation,0.8441069312170801,0.9683343752096228,67,-0.124,-1.96648212537744,0.050761333603631914,-1.7063009494660586,0.08795206141116366,0.16196621533744396,0.16196621533744396,0.09259259259259259,0.8545918367346939,1.0
PAX3,0.10496034599649803,0.3159631558415233,0,0.626,,,0.0,1.0,0.0,0.0,0.0,1.0,0.5352413613852671
PAX3_negation,0.10496034599649803,0.3159631558415233,0,-0.624,,,0.0,1.0,0.0,0.0,0.0,1.0,0.5352413613852671
PAX5,4.61135174228205e-32,1.0559754309906274e-30,99,0.501,14.34317312321518,5.6182700929802384e-30,11.218261190571535,3.317287204635635e-29,0.4079114032640935,0.4079114032640935,0.6203703703703703,0.9183673469387755,1.2407711314139873e-28
PAX5_negation,1.0,1.0,0,-0.374,-14.34317312321518,5.6182700929802384e-30,-11.218261190571535,3.317287204635635e-29,0.40791301000204694,0.40791301000204694,0.0,1.0,1.0
PER1,0.1755838855450103,0.4456378243849515,0,0.376,-1.0851454374511862,0.27928069225173147,-0.7175715696674542,0.47302149267473004,-0.09437342031762376,0.09437342031762376,0.0,1.0,0.6756444434223458
PER1_negation,0.08107717321203417,0.26503997373737626,0,-0.124,1.0851454374511862,0.27928069225173147,0.7175715696674542,0.47302149267473004,-0.09437451655901685,0.09437451655901685,0.0,1.0,0.5352413613852671
PGR,0.9887438900127603,0.9990287457892016,133,0.251,-4.452284627683445,1.4307228953799169e-05,-3.805611485044533,0.00014145427975386553,-0.2911716582712033,0.2911716582712033,0.1388888888888889,0.6989795918367347,1.0
PGR_negation,2.2327404703586849e-07,3.3184746981057084e-06,0,-0.124,4.452284627683445,1.4307228953799169e-05,3.805611485044533,0.00014145427975386553,-0.2911742036514031,0.2911742036514031,0.0,1.0,7.487639559784476e-05
PIAS1,0.44531112861686234,0.7541728968030278,92,0.376,-1.475163335172413,0.1418115816302349,-0.916144834229517,0.3595909351133625,-0.07110710276620778,0.07110710276620778,0.1388888888888889,0.8035714285714286,0.9764773044006144
PIAS1_negation,0.012604563175574016,0.06362650724644228,0,-0.374,1.475163335172413,0.1418115816302349,0.916144834229517,0.3595909351133625,-0.07110742768332888,0.07110742768332888,0.0,1.0,0.20766985004047134
PITX1,0.006373678203265443,0.03704594608310386,0,0.876,0.25868327562284077,0.7961919862609869,0.22414709408899514,0.8226428488199544,0.0067029939353277284,0.0067029939353277284,0.0,1.0,0.14389747652114723
PITX1_negation,0.0034782331706469456,0.0221771500841776,0,-0.624,-0.25868327562284077,0.7961919862609869,-0.22414709408899514,0.8226428488199544,0.006703011633099471,0.006703011633099471,0.0,1.0,0.10022365903426415
PKNOX1,0.00400180622093596,0.024840274939357143,88,0.251,2.065426850379922,0.04059820536855425,1.5028385704356115,0.13288067704531095,0.11327032188233147,0.11327032188233147,0.25,0.8443877551020408,0.11014084171224393
PKNOX1_negation,0.08900553913595532,0.2808496183276003,0,-0.249,-2.065426850379922,0.04059820536855425,-1.5028385704356115,0.13288067704531095,0.11327107603285173,0.11327107603285173,0.0,1.0,0.5352413613852671
PLAGL2,0.5243250580346658,0.8130452396366605,77,0.251,-3.78940523184448,0.0001813652604660451,-1.674333662557393,0.09406504225104756,-0.16636659684606867,0.16636659684606867,0.07407407407407407,0.8239795918367347,1.0
PLAGL2_negation,0.0041733888958683345,0.025845618287367565,0,-0.249,3.78940523184448,0.0001813652604660451,1.674333662557393,0.09406504225104756,-0.1663677672162985,0.1663677672162985,0.0,1.0,0.11247630180613663
PML,0.08107717321203417,0.26503997373737626,0,0.501,1.0851454374511835,0.27928069225173263,0.7175715696674542,0.47302149267473004,0.017062047943793745,0.017062047943793745,0.0,1.0,0.5352413613852671
PML_negation,0.1755838855450103,0.4456378243849515,0,-0.374,-1.0851454374511835,0.27928069225173263,-0.7175715696674542,0.47302149267473004,0.01706211958223018,0.01706211958223018,0.0,1.0,0.6756444434223458
POU2AF1,0.9999911468120813,0.9999996332307803,124,0.501,-12.070817212400481,1.7610520988545707e-29,-4.8484972097237,1.2440028059270297e-06,-0.10561518451805271,0.10561518451805271,0.009259259259259259,0.6862244897959183,1.0
POU2AF1_negation,2.543381277538637e-06,3.3530169019325824e-05,0,-0.499,12.070817212400481,1.7610520988545707e-29,4.8484972097237,1.2440028059270297e-06,-0.10561559094576665,0.10561559094576665,0.0,1.0,0.000492474357471348
POU2F2,0.9641936102143336,0.9958476182358852,86,0.376,-9.412193037640705,1.2285340552277888e-17,-8.161060304918111,3.320963023621866e-16,-0.6890679821605122,0.6890679821605122,0.0,0.7806122448979592,1.0
POU2F2_negation,7.530042906610417e-33,1.7561143224965947e-31,0,-0.124,9.412193037640705,1.2285340552277888e-17,8.161060304918111,3.320963023621866e-16,-0.6890738259885263,0.6890738259885263,0.0,1.0,4.1268686578669975e-29
POU4F1,0.0029926441430846618,0.019550279722302263,0,0.501,0.8979527466125917,0.3705224702407378,0.5994806509695608,0.5488524091661333,0.08199592461082447,0.08199592461082447,0.0,1.0,0.09188631469482063
POU4F1_negation,0.049006458606356336,0.18430873384506563,0,-0.124,-0.8979527466125917,0.3705224702407378,-0.5994806509695608,0.5488524091661333,0.08199645476821994,0.08199645476821994,0.0,1.0,0.42883715300584574
POU4F2,0.24416747921982856,0.5433301808145163,0,0.376,-1.1367758061700548,0.2572967217166488,-0.9206578629695639,0.3572290821024642,-0.030948496436786953,0.030948496436786953,0.0,1.0,0.7857390307163775
POU4F2_negation,0.007207114337999948,0.04047024575680397,0,-0.249,1.1367758061700548,0.2572967217166488,0.9206578629695639,0.3572290821024642,-0.03094868015076223,0.03094868015076223,0.0,1.0,0.15216812404558291
POU5F1,0.10496034599649803,0.3159631558415233,0,0.501,,,0.0,1.0,0.0,0.0,0.0,1.0,0.5352413613852671
POU5F1_negation,0.10496034599649803,0.3159631558415233,0,-0.499,,,0.0,1.0,0.0,0.0,0.0,1.0,0.5352413613852671
PPARA,0.6960913582658131,0.9120949245417652,0,0.376,-2.585144739034877,0.010470898602967868,-1.8744112700328048,0.060873761328979814,-0.07508236422967622,0.07508236422967622,0.0,1.0,1.0
PPARA_negation,0.006825620591382924,0.03917801389301249,0,-0.249,2.585144739034877,0.010470898602967868,1.8744112700328048,0.060873761328979814,-0.07508289542495443,0.07508289542495443,0.0,1.0,0.14970460593264934
PPARD,0.998185201726453,0.9998901436885821,119,0.376,-6.41570230881589,8.216655541358394e-10,-5.009085815723702,5.468918545717654e-07,-0.28768056285202614,0.28768056285202614,0.06481481481481481,0.7142857142857143,1.0
PPARD_negation,2.0350961796847372e-06,2.6975205869707236e-05,5,-0.249,6.41570230881589,8.216655541358394e-10,5.009085815723702,5.468918545717654e-07,-0.28768216671801494,0.28768216671801494,0.027777777777777776,0.9948979591836735,0.00045279809852722856
PPARG,0.14524483581869105,0.3941493655118733,45,0.501,-1.5494300089014497,0.12289330846085947,-1.1004268411147646,0.271146189019718,-0.045455294696514534,0.045455294696514534,0.07407407407407407,0.9056122448979592,0.6274883816046795
PPARG_negation,0.014002984255055964,0.07046963748557666,0,-0.374,1.5494300089014497,0.12289330846085947,1.1004268411147646,0.271146189019718,-0.04545551068095452,0.04545551068095452,0.0,1.0,0.21934258025311942
PTTG1,0.6499369072744144,0.888072724746552,32,0.501,-2.544380129575443,0.01192484154805562,-2.833429877292767,0.0046051410428739874,-0.07306330230698649,0.07306330230698649,0.10185185185185185,0.9464285714285714,1.0
PTTG1_negation,7.278967131860798e-06,9.140410909655444e-05,6,-0.374,2.544380129575443,0.01192484154805562,2.833429877292767,0.0046051410428739874,-0.07306362207316,0.07306362207316,0.009259259259259259,0.9872448979591837,0.0011305245072468575
RB1,4.7751024752455095e-05,0.0004987899270926464,0,0.501,5.31621630423116,2.4469282058815434e-07,3.4193714420421872,0.0006276598329867986,0.0823584045840087,0.0823584045840087,0.0,1.0,0.0047843115455825265
RB1_negation,0.9964630109108771,0.9997663820136828,149,-0.499,-5.31621630423116,2.4469282058815434e-07,-3.4193714420421872,0.0006276598329867986,0.0823587549576901,0.0823587549576901,0.12962962962962962,0.6556122448979592,1.0
RBMX,0.9946649532149697,0.9996073811625673,107,0.751,-4.428874388714666,1.571931617314033e-05,-3.9447632045293117,7.987887340860336e-05,-0.22344787622491752,0.22344787622491752,0.07407407407407407,0.7474489795918368,1.0
RBMX_negation,0.0002546185878779222,0.002273123752462505,0,-0.374,4.428874388714666,1.571931617314033e-05,3.9447632045293117,7.987887340860336e-05,-0.22344867824930573,0.22344867824930573,0.0,1.0,0.01695822481995837
RELA,0.057023957714982185,0.2036750903999914,4,0.626,0.9040095480100038,0.3672201102108682,0.4411485593395827,0.6591054508644879,0.0280937683238929,0.0280937683238929,0.027777777777777776,0.9974489795918368,0.4646955946019221
RELA_negation,0.15672095405388078,0.4134623035758906,130,-0.499,-0.9040095480100038,0.3672201102108682,-0.4411485593395827,0.6591054508644879,0.02809388075940897,0.02809388075940897,0.24074074074074073,0.7346938775510204,0.6456055903012246
RFX1,9.154641753411544e-23,2.2026299254860877e-21,126,0.126,12.724923839195588,5.534624499993723e-29,9.086231196627722,1.025315771344134e-19,1.1772948251441604,1.1772948251441604,0.5,0.8163265306122449,1.1502622944205125e-19
RFX1_negation,1.0,1.0,0,0.001,-12.724923839195588,5.534624499993723e-29,-9.086231196627722,1.025315771344134e-19,1.177314238640507,1.177314238640507,0.0,1.0,1.0
RFX5,3.0146836715063494e-18,6.943685909991504e-17,85,0.376,8.286504496025996,2.7311358485972105e-15,6.289657720712004,3.181667050169926e-10,0.238118628680841,0.238118628680841,0.14814814814814814,0.8239795918367347,2.5104095213046207e-15
RFX5_negation,1.0,1.0,0,0.001,-8.286504496025996,2.7311358485972105e-15,-6.289657720712004,3.181667050169926e-10,0.23811996015402054,0.23811996015402054,0.0,1.0,1.0
RFXANK,1.0,1.0,0,0.876,-16.863956198451138,1.355611945469313e-50,-7.699603116248317,1.3648949081337765e-14,-0.4256630347859235,0.4256630347859235,0.0,1.0,1.0
RFXANK_negation,6.153376616312218e-26,1.6201430323310567e-24,25,-0.499,16.863956198451138,1.355611945469313e-50,7.699603116248317,1.3648949081337765e-14,-0.4256644791516698,0.4256644791516698,0.009259259259259259,0.9387755102040817,1.269112041992661e-22
RFXAP,4.588013941852848e-07,6.453570143175137e-06,61,0.376,2.8848382316999435,0.0044317877976070485,3.2271916348618577,0.0012501170507455874,0.14106556675321139,0.14106556675321139,0.12962962962962962,0.8801020408163265,0.00013187730292575279
RFXAP_negation,0.9601695697865997,0.9951884658259985,11,-0.249,-2.8848382316999435,0.0044317877976070485,-3.2271916348618577,0.0012501170507455874,0.1410664348129636,0.1410664348129636,0.027777777777777776,0.9795918367346939,1.0
RORA,0.8110735901342632,0.9575255156473144,0,0.501,-3.1226552307839603,0.0020699503875256753,-2.366331402697915,0.017965354818287177,-0.16437950174395816,0.16437950174395816,0.0,1.0,1.0
RORA_negation,0.0003066091601601859,0.002657742278340541,0,-0.249,3.1226552307839603,0.0020699503875256753,2.366331402697915,0.017965354818287177,-0.16438051100691553,0.16438051100691553,0.0,1.0,0.01892634652757658
RUNX1,0.0026860892895609616,0.01798995077380087,0,0.501,-1.3901795637690686,0.1665447839803803,-1.069587811391111,0.2848048839101105,-0.09859824239142409,0.09859824239142409,0.0,1.0,0.0872043001053065
RUNX1_negation,7.488699071429743e-05,0.0007400125903753972,0,-0.124,1.3901795637690686,0.1665447839803803,1.069587811391111,0.2848048839101105,-0.09859886620427166,0.09859886620427166,0.0,1.0,0.0068197238720869935
RUNX3,0.039070928239904816,0.1537285079028374,66,0.376,-0.12011997581093453,0.90452312135185,-0.09251708917096108,0.9262872142555995,-0.0026741273034586316,0.0026741273034586316,0.12037037037037036,0.8647959183673469,0.38027578270701884
RUNX3_negation,0.012303082880996189,0.0629494088772433,36,-0.374,0.12011997581093453,0.90452312135185,0.09251708917096108,0.9262872142555995,-0.002674141293228759,0.002674141293228759,0.06481481481481481,0.9260204081632653,0.20689665854758288
RXRA,0.0048046671717230025,0.029197666762754038,2,0.501,1.5743899038765485,0.11693967068392559,0.9451034353114844,0.3446060716701149,0.02625830187859161,0.02625830187859161,0.0,0.9948979591836735,0.12241918958739031
RXRA_negation,0.3234406530382972,0.6369561783070332,112,-0.499,-1.5743899038765485,0.11693967068392559,-0.9451034353114844,0.3446060716701149,0.02625841274998667,0.02625841274998667,0.17592592592592593,0.7627551020408163,0.8835985035355614
SATB1,0.09650042047219486,0.29805434224458965,0,0.501,1.7364976719029745,0.08326350557943812,0.1218517759812658,0.9030164081218821,0.0027628967641395168,0.0027628967641395168,0.0,1.0,0.5352413613852671
SATB1_negation,0.12343062407012247,0.354472864591893,3,-0.499,-1.7364976719029745,0.08326350557943812,-0.1218517759812658,0.9030164081218821,0.002762907826337725,0.002762907826337725,0.0,0.9923469387755102,0.5825253369167471
SEC14L2,0.0017768118270662877,0.012632811430727853,40,0.501,2.063317425296237,0.040497119275973895,1.697650977714302,0.0895736552641457,0.04467422207420141,0.04467422207420141,0.09259259259259259,0.923469387755102,0.06985201614637754
SEC14L2_negation,0.28741946164727655,0.597708367933235,0,-0.374,-2.063317425296237,0.040497119275973895,-1.697650977714302,0.0895736552641457,0.04467440786777805,0.04467440786777805,0.0,1.0,0.8436124111970584
SF1,0.46739686502894917,0.771079264029786,98,0.126,-1.1714937374319256,0.24288417720391092,-0.7882756865948554,0.43053546608181725,-0.07091452851214118,0.07091452851214118,0.1574074074074074,0.7933673469387755,0.9901837543551897
SF1_negation,0.042985978793240114,0.16871518186902387,0,-0.124,1.1714937374319256,0.24288417720391092,0.7882756865948554,0.43053546608181725,-0.07091546271630698,0.07091546271630698,0.0,1.0,0.40251845420528537
SIRT1,0.10496034599649803,0.3159631558415233,0,0.751,1.0000000000001208,0.31792896296738715,0.040617258660421936,0.9676010250888807,0.0006135203651419064,0.0006135203651419064,0.0,1.0,0.5352413613852671
SIRT1_negation,0.15030119561917724,0.4025547886286363,1,-0.749,-1.0000000000001208,0.31792896296738715,-0.040617258660421936,0.9676010250888807,0.0006135220015464038,0.0006135220015464038,0.0,0.9974489795918368,0.634901847837111
SLA2,0.0024902619585844585,0.016775884042441586,32,0.376,2.1605436966514575,0.03251572232278607,1.144804957058559,0.25228996146326055,0.03363213302657502,0.03363213302657502,0.12037037037037036,0.951530612244898,0.08484396626378621
SLA2_negation,0.04831516899949329,0.18175713262396861,0,-0.374,-2.1605436966514575,0.03251572232278607,-1.144804957058559,0.25228996146326055,0.03363230750485174,0.03363230750485174,0.0,1.0,0.42500424046400626
SMAD3,0.9173144666471093,0.9870023728432021,193,0.501,-2.6124603532913646,0.009711718334385023,-2.3546727451194607,0.018539024545594984,-0.10052837922786079,0.10052837922786079,0.2962962962962963,0.5892857142857143,1.0
SMAD3_negation,0.00248589284830379,0.016685498120081292,182,-0.499,2.6124603532913646,0.009711718334385023,2.3546727451194607,0.018539024545594984,-0.10052878356347378,0.10052878356347378,0.4537037037037037,0.6607142857142857,0.08484396626378621
SMAD4,0.004806034239745349,0.029432698773138522,16,0.626,-0.051761062421043155,0.9587796293355557,0.015795600590164088,0.9873974582204704,-0.0018389959881321863,0.0018389959881321863,0.027777777777777776,0.9668367346938775,0.12241918958739031
SMAD4_negation,0.00023619931350538952,0.0021474718239155423,6,-0.374,0.051761062421043155,0.9587796293355557,-0.015795600590164088,0.9873974582204704,-0.0018390033394443746,0.0018390033394443746,0.018518518518518517,0.9897959183673469,0.01627922189097266
SMAD7,0.9413600662473991,0.9919120264591116,85,0.501,-3.8333908354951385,0.00015825532764725435,-1.9511327586136018,0.05104125524264925,-0.04356648067529783,0.04356648067529783,0.07407407407407407,0.8035714285714286,1.0
SMAD7_negation,0.0006418969347872067,0.005213090036429362,0,-0.499,3.8333908354951385,0.00015825532764725435,1.9511327586136018,0.05104125524264925,-0.0435666492154808,0.0435666492154808,0.0,1.0,0.03182015996262078
SMARCA1,0.673713153131828,0.9010200732632151,0,0.501,-2.1142086553458954,0.035759077683299695,-1.3930215377611375,0.16361327783264157,-0.03943258575020574,0.03943258575020574,0.0,1.0,1.0
SMARCA1_negation,0.012244510501840035,0.06237649822748738,0,-0.374,2.1142086553458954,0.035759077683299695,1.3930215377611375,0.16361327783264157,-0.03943278286717319,0.03943278286717319,0.0,1.0,0.20645742371069767
SMARCA4,0.3886889634051993,0.7029294824837538,55,0.376,-1.787439048527932,0.07458524300213866,-1.1688744436721423,0.24245422147781703,-0.024608738851215974,0.024608738851215974,0.037037037037037035,0.8698979591836735,0.9382836963693015
SMARCA4_negation,0.00827405420611769,0.04576193131541026,8,-0.374,1.787439048527932,0.07458524300213866,1.1688744436721423,0.24245422147781703,-0.02460886739813065,0.02460886739813065,0.0,0.9795918367346939,0.16544698244802172
SMARCB1,0.7792103935904598,0.9466202879080718,129,0.501,-2.39123760342644,0.01775488773465209,-1.7341312933630144,0.082894790211138,-0.09254949610997633,0.09254949610997633,0.16666666666666666,0.7168367346938775,1.0
SMARCB1_negation,0.0011464379562023713,0.008675007611321213,0,-0.499,2.39123760342644,0.01775488773465209,1.7341312933630144,0.082894790211138,-0.09254981549986448,0.09254981549986448,0.0,1.0,0.05033646391754283
SNAI1,0.38876407456905643,0.7036869015793985,7,0.626,-1.860264978923577,0.06443383446942902,-1.4291257676815126,0.15296808857822064,-0.13536026964233921,0.13536026964233921,0.0,0.9821428571428571,0.9382836963693015
SNAI1_negation,0.00026728674949609224,0.0024151141290817326,0,-0.249,1.860264978923577,0.06443383446942902,1.4291257676815126,0.15296808857822064,-0.13536101386067725,0.13536101386067725,0.0,1.0,0.017735994385443973
SNAI2,0.8908358290104738,0.9806036173299111,0,0.501,-1.3237266305672983,0.1871926961863761,-1.0011402088337333,0.31675902812801915,-0.056718262436166074,0.056718262436166074,0.0,1.0,1.0
SNAI2_negation,0.013619923269609615,0.06803530541316942,0,-0.249,1.3237266305672983,0.1871926961863761,1.0011402088337333,0.31675902812801915,-0.05671858494574734,0.05671858494574734,0.0,1.0,0.21934258025311942
SOX17,0.9019920413576743,0.9836178838329398,137,0.251,-4.43475263675979,1.2917521310985132e-05,-2.51413309393445,0.011932539242388905,-0.18512443072427243,0.18512443072427243,0.1574074074074074,0.6938775510204082,1.0
SOX17_negation,9.544331705307963e-05,0.000943054317081761,0,-0.249,4.43475263675979,1.2917521310985132e-05,2.51413309393445,0.011932539242388905,-0.18512569748453703,0.18512569748453703,0.0,1.0,0.008058827800516867
SOX2,0.8953087784697324,0.9819778561370215,48,0.626,-2.485729256408543,0.01381221951090072,-2.1843059101826907,0.028939776778481287,-0.10069613205374518,0.10069613205374518,0.018518518518518517,0.8826530612244898,1.0
SOX2_negation,0.00046563080617161186,0.0038102560206862597,0,-0.374,2.485729256408543,0.01381221951090072,2.1843059101826907,0.028939776778481287,-0.10069652658337297,0.10069652658337297,0.0,1.0,0.025953917822065825
SP1,0.03504806676710737,0.14276177009039043,58,0.626,0.2904029601873365,0.771838229478626,0.4599528457564447,0.6455500672681519,0.009651802691114753,0.009651802691114753,0.10185185185185185,0.8801020408163265,0.3625379072520344
SP1_negation,0.1592268949362836,0.4172909269707556,81,-0.499,-0.2904029601873365,0.771838229478626,-0.4599528457564447,0.6455500672681519,0.009651837626939636,0.009651837626939636,0.17592592592592593,0.8418367346938775,0.6494262770736925
SP2,0.969220235668701,0.9965803970320863,62,0.251,-8.570916290607794,2.4119842055412587e-16,-2.51827003694616,0.011793286624132534,-0.10980358608867606,0.10980358608867606,0.0,0.8418367346938775,1.0
SP2_negation,0.013858128348138802,0.06966126633783626,0,-0.249,8.570916290607794,2.4119842055412587e-16,2.51827003694616,0.011793286624132534,-0.10980443192406657,0.10980443192406657,0.0,1.0,0.21934258025311942
SP3,0.5340020072293863,0.8202934468214502,60,0.126,-1.381664498677955,0.16805124043743078,-0.22377100836065789,0.8229354899165081,-0.09597716253350183,0.09597716253350183,0.05555555555555555,0.8622448979591837,1.0
SP3_negation,0.22107762381246504,0.5130860317281473,33,-0.124,1.381664498677955,0.16805124043743078,0.22377100836065789,0.8229354899165081,-0.09597854575191972,0.09597854575191972,0.009259259259259259,0.9183673469387755,0.7535951091007163
SPDEF,0.042985978793240114,0.16871518186902387,0,0.501,1.5577887620156472,0.12087043353582931,0.8559711176955586,0.3920137553577846,0.02003502201647981,0.02003502201647981,0.0,1.0,0.40251845420528537
SPDEF_negation,0.3420935126317861,0.6617406753240019,72,-0.499,-1.5577887620156472,0.12087043353582931,-0.8559711176955586,0.3920137553577846,0.020035104824315062,0.020035104824315062,0.10185185185185185,0.8443877551020408,0.9066572704980489
SPI1,5.42288050522996e-10,9.928912260729307e-09,75,0.376,4.5745591858160175,9.65504279203254e-06,4.619461001166321,3.847381832651052e-06,0.31495856072159834,0.31495856072159834,0.28703703703703703,0.8877551020408163,2.7450522132604555e-07
SPI1_negation,0.861322844672879,0.973333259370382,109,-0.249,-4.5745591858160175,9.65504279203254e-06,-4.619461001166321,3.847381832651052e-06,0.3149605614733039,0.3149605614733039,0.16666666666666666,0.7678571428571429,1.0
SRF,0.4255111099347457,0.737589203486299,64,0.626,-0.5388219718278413,0.5906381805130386,-0.16171686318501327,0.8715288244407944,-0.012852516726566319,0.012852516726566319,0.05555555555555555,0.8520408163265306,0.9656460324193887
SRF_negation,0.035442424714360515,0.14438852148913542,0,-0.499,0.5388219718278413,0.5906381805130386,0.16171686318501327,0.8715288244407944,-0.012852559911237838,0.012852559911237838,0.0,1.0,0.3625379072520344
STAT1,0.00022608518960636796,0.002078419687594722,50,0.626,4.341062805080329,2.186807688091422e-05,3.661194565363033,0.0002510420180329141,0.22316615956356367,0.22316615956356367,0.1111111111111111,0.9030612244897959,0.016123099700754543
STAT1_negation,0.9983387621609063,0.9999014492704466,96,-0.374,-4.341062805080329,2.186807688091422e-05,-3.661194565363033,0.0002510420180329141,0.22316705453641547,0.22316705453641547,0.08333333333333333,0.7780612244897959,1.0
STAT3,0.04739339103296855,0.17688362939750754,87,0.376,0.4511392324593375,0.6524724565261729,0.6081306227213173,0.5431008435541809,0.0261387594754177,0.0261387594754177,0.2037037037037037,0.8341836734693877,0.41776535586346003
STAT3_negation,0.4618880317105175,0.7664055833004392,68,-0.249,-0.4511392324593375,0.6524724565261729,-0.6081306227213173,0.5431008435541809,0.02613891828926255,0.02613891828926255,0.1388888888888889,0.8647959183673469,0.9868784223320723
STAT4,1.305082274250011e-21,3.1044426638013233e-20,5,0.501,12.00936080645049,8.707078236679888e-26,8.716538925672214,2.8683538085462966e-18,0.446625035705019,0.446625035705019,0.0,0.9872448979591837,1.3264436836242018e-18
STAT4_negation,1.0,1.0,0,-0.249,-12.00936080645049,8.707078236679888e-26,-8.716538925672214,2.8683538085462966e-18,0.4466273432951165,0.4466273432951165,0.0,1.0,1.0
STAT5A,0.48637515693397665,0.7857954651449413,101,0.376,-3.0392028411832794,0.0026340480912892387,-1.6980270634426393,0.08950265404081881,-0.06009862017866335,0.06009862017866335,0.12037037037037036,0.7755102040816326,1.0
STAT5A_negation,0.0021731095250528583,0.01497556054890841,0,-0.374,3.0392028411832794,0.0026340480912892387,1.6980270634426393,0.08950265404081881,-0.060098921117516226,0.060098921117516226,0.0,1.0,0.0790844208762579
STAT6,0.20649080413966422,0.4914396545621385,135,0.501,-0.6230677464501334,0.5340887768640206,-0.42572904447775584,0.6703052955444231,-0.02521596474002872,0.02521596474002872,0.26851851851851855,0.7295918367346939,0.730938726722168
STAT6_negation,0.023900992691321527,0.10678975693149534,31,-0.374,0.6230677464501334,0.5340887768640206,0.42572904447775584,0.6703052955444231,-0.025216070609370877,0.025216070609370877,0.09259259259259259,0.9464285714285714,0.29698926483906984
TBP,0.19011849520876525,0.46522591467313523,0,0.501,-2.9388228890118477,0.003744541146026986,-2.5002179219859726,0.01241169312817339,-0.06534683655518778,0.06534683655518778,0.0,1.0,0.6963572608164763
TBP_negation,0.0005875924750670752,0.0048212805192490655,0,-0.374,2.9388228890118477,0.003744541146026986,2.5002179219859726,0.01241169312817339,-0.06534713819568404,0.06534713819568404,0.0,1.0,0.029815813737461328
TCF4,0.07125621292006519,0.24265260308194755,162,0.251,0.8382469335888083,0.4028229385760269,1.23732204622952,0.21596754633168702,0.03990381574399018,0.03990381574399018,0.37037037037037035,0.6887755102040817,0.5304498765047225
TCF4_negation,0.2594193248535047,0.5621740240329153,78,-0.249,-0.8382469335888083,0.4028229385760269,-1.23732204622952,0.21596754633168702,0.03990410111747656,0.03990410111747656,0.10185185185185185,0.8290816326530612,0.8104962923173931
TFAP2A,0.5318792157438963,0.8186718015698808,77,0.501,-1.2778663949378049,0.2030577035614723,-1.2786914763466164,0.20100572243424064,-0.06551069681088355,0.06551069681088355,0.12962962962962962,0.8392857142857143,1.0
TFAP2A_negation,0.025824860778937506,0.11342088683427541,14,-0.249,1.2778663949378049,0.2030577035614723,1.2786914763466164,0.20100572243424064,-0.06551102041040328,0.06551102041040328,0.027777777777777776,0.9719387755102041,0.3135753930124085
TFAP2B,0.013939742956756714,0.07012519524608621,0,0.626,4.721569635364091,3.2665169378332283e-06,0.8935796905292825,0.37154681677932344,0.06165649056004237,0.06165649056004237,0.0,1.0,0.21934258025311942
TFAP2B_negation,0.3247920850430241,0.6391989174512572,22,-0.624,-4.721569635364091,3.2665169378332283e-06,-0.8935796905292825,0.37154681677932344,0.06165669213787964,0.06165669213787964,0.0,0.9438775510204082,0.8835985035355614
TFDP3,0.07913868103235575,0.2602484013242763,0,0.751,-0.3829584279928787,0.702216681716913,-0.2602513240093702,0.7946699169509113,-0.01976086350221778,0.01976086350221778,0.0,1.0,0.5352413613852671
TFDP3_negation,0.04797761059167509,0.17898520273184954,0,-0.374,0.3829584279928787,0.702216681716913,0.2602513240093702,0.7946699169509113,-0.019760951820067,0.019760951820067,0.0,1.0,0.4206152264198464
TNFAIP3,0.10496034599649803,0.3159631558415233,0,0.501,,,0.0,1.0,0.0,0.0,0.0,1.0,0.5352413613852671
TNFAIP3_negation,0.10496034599649803,0.3159631558415233,0,-0.499,,,0.0,1.0,0.0,0.0,0.0,1.0,0.5352413613852671
TP53,0.023676840714768096,0.10551975652514319,85,0.251,1.1777482612778867,0.24063571034409714,1.0105423520421644,0.31223551915570247,0.11258793055840376,0.11258793055840376,0.17592592592592593,0.8316326530612245,0.2952040807548649
TP53_negation,0.27967216724641386,0.5882187993013867,8,-0.124,-1.1777482612778867,0.24063571034409714,-1.0105423520421644,0.31223551915570247,0.11258889410913407,0.11258889410913407,0.0,0.9795918367346939,0.8377661687019748
TP63,0.8960471111004089,0.9822520263257724,141,0.501,-2.2281514908891595,0.02709749181565276,-2.118866993452011,0.03410170907034277,-0.053300109508997544,0.053300109508997544,0.16666666666666666,0.6862244897959183,1.0
TP63_negation,0.0018404426032571362,0.01289427606406557,0,-0.499,2.2281514908891595,0.02709749181565276,2.118866993452011,0.03410170907034277,-0.053300305227948645,0.053300305227948645,0.0,1.0,0.0704687180245444
TP73,0.10496034599649803,0.3159631558415233,0,0.626,,,0.0,1.0,0.0,0.0,0.0,1.0,0.5352413613852671
TP73_negation,0.10496034599649803,0.3159631558415233,0,-0.624,,,0.0,1.0,0.0,0.0,0.0,1.0,0.5352413613852671
TRIB3,0.0012379358456595568,0.00930721794523041,0,0.376,1.8058414786215569,0.07256570257064116,1.335856507053877,0.18159617915335602,0.09798176176534588,0.09798176176534588,0.0,1.0,0.05223960595610621
TRIB3_negation,0.38991222776890655,0.7047109464220498,0,-0.124,-1.8058414786215569,0.07256570257064116,-1.335856507053877,0.18159617915335602,0.09798239652971905,0.09798239652971905,0.0,1.0,0.9382836963693015
TRIM16,0.1385178402941679,0.38173188755483345,0,0.376,-1.7137652791513374,0.08839869915800083,-1.4832821125620752,0.13799947277074312,-0.05356184495689979,0.05356184495689979,0.0,1.0,0.6144314628451086
TRIM16_negation,0.002808372922016547,0.01843750223822445,0,-0.249,1.7137652791513374,0.08839869915800083,1.4832821125620752,0.13799947277074312,-0.053562186528748036,0.053562186528748036,0.0,1.0,0.0875315762824797
TWIST1,0.6138665921323585,0.8694419787402475,34,0.376,-2.9004295371834785,0.004235425627631477,-2.20348628232789,0.027560492773342833,-0.1637318356892001,0.1637318356892001,0.0,0.9132653061224489,1.0
TWIST1_negation,2.7540010524270776e-05,0.0002996478110675641,0,-0.124,2.9004295371834785,0.004235425627631477,2.20348628232789,0.027560492773342833,-0.16373293636881736,0.16373293636881736,0.0,1.0,0.0032752202605059334
TWIST2,0.06694888724725923,0.22982657576157123,30,0.501,0.5761816626369144,0.5650468659064866,0.33321195530679476,0.7389742942794615,0.012803175220196297,0.012803175220196297,0.0,0.923469387755102,0.507129063887035
TWIST2_negation,0.3997351286718947,0.7127852239098211,116,-0.499,-0.5761816626369144,0.5650468659064866,-0.33321195530679476,0.7389742942794615,0.012803229421157785,0.012803229421157785,0.16666666666666666,0.75,0.9463532633830959
USF1,0.14144548072270738,0.3864548558822542,11,0.501,0.6775801020512253,0.4989397585838229,0.7694714001779933,0.44161351636160784,0.024209094950653032,0.024209094950653032,0.009259259259259259,0.9744897959183674,0.6199105196746058
USF1_negation,0.3526793746540846,0.6704841713785271,0,-0.249,-0.6775801020512253,0.4989397585838229,-0.7694714001779933,0.44161351636160784,0.024209224754939078,0.024209224754939078,0.0,1.0,0.9107732963812363
USF2,7.003491140634482e-09,1.1971448153015033e-07,29,0.501,4.522954182500383,1.185652645195446e-05,4.151234269386457,3.306870595224283e-05,0.18358666490319975,0.18358666490319975,0.16666666666666666,0.9719387755102041,3.125878128842814e-06
USF2_negation,0.9464926941102451,0.9929463046500306,102,-0.374,-4.522954182500383,1.185652645195446e-05,-4.151234269386457,3.306870595224283e-05,0.1835875257362596,0.1835875257362596,0.12037037037037036,0.7729591836734694,1.0
VDR,0.9999999999958977,0.99999999999833,178,0.126,-12.755623329827188,1.4795867194608618e-28,-9.657881503700327,4.551791979068595e-22,-1.4721805845250433,1.4721805845250433,0.06481481481481481,0.5637755102040817,1.0
VDR_negation,2.014164853905687e-26,4.631825338206645e-25,88,-0.124,12.755623329827188,1.4795867194608618e-28,9.657881503700327,4.551791979068595e-22,-1.4722085568817826,1.4722085568817826,0.5370370370370371,0.923469387755102,4.353915817914246e-23
VHL,0.10496034599649803,0.3159631558415233,0,0.501,,,0.0,1.0,0.0,0.0,0.0,1.0,0.5352413613852671
VHL_negation,0.10496034599649803,0.3159631558415233,0,-0.499,,,0.0,1.0,0.0,0.0,0.0,1.0,0.5352413613852671
WT1,0.4340287226312446,0.7450562454301632,89,0.501,-2.031329926321101,0.0437856972127889,-2.3170641722857366,0.020500236319971214,-0.12327716679247253,0.12327716679247253,0.16666666666666666,0.8188775510204082,0.9693735321155688
WT1_negation,0.00020349716622565194,0.001841731858075162,165,-0.374,2.031329926321101,0.0437856972127889,2.3170641722857366,0.020500236319971214,-0.12327780087916204,0.12327780087916204,0.4537037037037037,0.7040816326530612,0.014924378849919416
WWTR1,0.08107717321203417,0.26503997373737626,0,0.876,1.2996555830994663,0.19529003500979125,0.792412629606565,0.42812011766738933,0.033642424330856686,0.033642424330856686,0.0,1.0,0.5352413613852671
WWTR1_negation,0.27513189556703566,0.5830911867190476,101,-0.874,-1.2996555830994663,0.19529003500979125,-0.792412629606565,0.42812011766738933,0.03364250752364502,0.03364250752364502,0.16666666666666666,0.7882653061224489,0.8329874095986395
XBP1,0.023676840714768096,0.10551975652514319,0,0.376,3.0192203023013438,0.002690529035835377,0.7055368263606625,0.48047622261163025,0.021535502304345568,0.021535502304345568,0.0,1.0,0.2952040807548649
XBP1_negation,0.23550993521595975,0.5306579923996317,22,-0.374,-3.0192203023013438,0.002690529035835377,-0.7055368263606625,0.48047622261163025,0.021535618380456735,0.021535618380456735,0.009259259259259259,0.9464285714285714,0.7721648805815075
YBX1,2.543381277538637e-06,3.3530169019325824e-05,79,0.251,4.9303323591161865,1.8505300024020115e-06,3.8992568314005056,9.648838533617065e-05,0.20774483420367595,0.20774483420367595,0.26851851851851855,0.8724489795918368,0.000492474357471348
YBX1_negation,0.9536454491429484,0.9940642195230398,93,-0.249,-4.9303323591161865,1.8505300024020115e-06,-3.8992568314005056,9.648838533617065e-05,0.2077464565467626,0.2077464565467626,0.06481481481481481,0.7806122448979592,1.0
YY1,1.8842740042833363e-05,0.00021918093221059666,159,0.376,2.8083827954366494,0.005495118308881622,3.0748769148852753,0.0021058944269640193,0.14910282063706706,0.14910282063706706,0.4444444444444444,0.7168367346938775,0.0024527390033090577
YY1_negation,0.8918101915388066,0.9813841933338842,36,-0.249,-2.8083827954366494,0.005495118308881622,-3.0748769148852753,0.0021058944269640193,0.14910358524340556,0.14910358524340556,0.046296296296296294,0.9209183673469388,1.0
ZBTB16,7.862601390911898e-05,0.0007731212495774174,0,0.626,11.13698721717074,8.517448129133046e-26,4.361090105798636,1.2941605380732326e-05,0.0814341610092246,0.0814341610092246,0.0,1.0,0.006855980892478984
ZBTB16_negation,0.9997747758298279,0.9999890918388699,112,-0.624,-11.13698721717074,8.517448129133046e-26,-4.361090105798636,1.2941605380732326e-05,0.08143442959131647,0.08143442959131647,0.009259259259259259,0.7168367346938775,1.0
ZBTB2,0.0026954622202346925,0.01804179770870002,0,0.501,3.590098443473682,0.0003994335843222781,2.106456164416882,0.03516474702241702,0.07955850720815369,0.07955850720815369,0.0,1.0,0.0872043001053065
ZBTB2_negation,0.8189082890636583,0.9607373501499018,152,-0.499,-3.590098443473682,0.0003994335843222781,-2.106456164416882,0.03516474702241702,0.07955885447770476,0.07955885447770476,0.21296296296296297,0.6709183673469388,1.0
ZBTB7A,0.6656234472530627,0.8970251472485514,32,0.501,-3.2991424428667977,0.0011663487160190574,-2.7980778188290665,0.005140772541530755,-0.1790598370916516,0.1790598370916516,0.018518518518518517,0.923469387755102,1.0
ZBTB7A_negation,0.005692766426435857,0.033638479762322336,0,-0.249,3.2991424428667977,0.0011663487160190574,2.7980778188290665,0.005140772541530755,-0.17906080061802035,0.17906080061802035,0.0,1.0,0.13398377532450423
ZEB2,0.8020202732891143,0.9545258758448744,79,0.251,-2.972921439278428,0.003318770549069669,-2.574682896196746,0.01003320250269777,-0.4537551758265297,0.4537551758265297,0.037037037037037035,0.8086734693877551,1.0
ZEB2_negation,0.009244584417753053,0.05066172382423687,0,0.001,2.972921439278428,0.003318770549069669,2.574682896196746,0.01003320250269777,-0.45376164466416613,0.45376164466416613,0.0,1.0,0.17637785331400985
ZIC1,0.36413536046033135,0.6806844540166048,21,0.626,-0.9684847752735157,0.3339373510679432,-0.23919052322248474,0.8109578507936951,-0.046512080369761,0.046512080369761,0.009259259259259259,0.9489795918367347,0.9193152108844951
ZIC1_negation,0.3247920850430241,0.6391989174512572,79,-0.374,0.9684847752735157,0.3339373510679432,0.23919052322248474,0.8109578507936951,-0.04651230895727101,0.04651230895727101,0.14814814814814814,0.8392857142857143,0.8835985035355614
ZNF143,0.9945458624229363,0.9996013323172784,13,0.501,-5.2946914607397515,2.563481731522413e-07,-3.3445303821030765,0.0008242200157998971,-0.10484432871234435,0.10484432871234435,0.0,0.9668367346938775,1.0
ZNF143_negation,5.680279405795874e-06,6.904113657115473e-05,0,-0.374,5.2946914607397515,2.563481731522413e-07,3.3445303821030765,0.0008242200157998971,-0.1048448411608677,0.1048448411608677,0.0,1.0,0.0009271238339555064
ZNF148,0.008915325892065727,0.04868386513675279,0,0.626,-0.48519073592055934,0.628206788468598,-0.7160672267541053,0.473949839183446,-0.017241515263783095,0.017241515263783095,0.0,1.0,0.17075684040502845
ZNF148_negation,0.039489336304372076,0.1555368271330678,0,-0.374,0.48519073592055934,0.628206788468598,0.7160672267541053,0.473949839183446,-0.017241588570910245,0.017241588570910245,0.0,1.0,0.3823167994122905
ZNF224,0.008860829865695528,0.0482557990515526,0,0.626,3.0691648516714234,0.002410043240824903,1.7495508082248412,0.08019585432180594,0.032733265161504516,0.032733265161504516,0.0,1.0,0.17052801168593776
ZNF224_negation,0.702849577360287,0.915165924893861,94,-0.624,-3.0691648516714234,0.002410043240824903,-1.7495508082248412,0.08019585432180594,0.03273337330845621,0.03273337330845621,0.10185185185185185,0.7882653061224489,1.0
ZNF382,0.006373678203265443,0.03704594608310386,0,0.626,0.25868327562284077,0.7961919862609869,0.22414709408899514,0.8226428488199544,0.0044834521378091675,0.0044834521378091675,0.0,1.0,0.14389747652114723
ZNF382_negation,0.0034782331706469456,0.0221771500841776,0,-0.499,-0.25868327562284077,0.7961919862609869,-0.22414709408899514,0.8226428488199544,0.004483467973462041,0.004483467973462041,0.0,1.0,0.10022365903426415
ZNF383,0.10411886094290901,0.3141360980368866,0,0.626,0.5024555935532965,0.616004107338683,0.4242247015644069,0.6714019477605369,0.008784965014784504,0.008784965014784504,0.0,1.0,0.5352413613852671
ZNF383_negation,0.026319307695901465,0.11487636737466166,0,-0.499,-0.5024555935532965,0.616004107338683,-0.4242247015644069,0.6714019477605369,0.008784997138751397,0.008784997138751397,0.0,1.0,0.3148208387465546
ZNF76,0.9896263718028515,0.9991211820641285,159,0.251,-6.727843402093651,7.401756081688446e-11,-3.661194565363033,0.0002510420180329141,-0.23950786812810787,0.23950786812810787,0.1574074074074074,0.6377551020408163,1.0
ZNF76_negation,4.335424174707879e-05,0.00044809424654916385,0,-0.249,6.727843402093651,7.401756081688446e-11,3.661194565363033,0.0002510420180329141,-0.23950949085749232,0.23950949085749232,0.0,1.0,0.004480942465491638
