killC_1.csv,killC_10.csv,killC_100.csv,killC_101.csv,killC_102.csv,killC_103.csv,killC_104.csv,killC_105.csv,killC_106.csv,killC_107.csv,killC_108.csv,killC_109.csv,killC_11.csv,killC_110.csv,killC_111.csv,killC_112.csv,killC_113.csv,killC_114.csv,killC_115.csv,killC_116.csv,killC_117.csv,killC_118.csv,killC_119.csv,killC_12.csv,killC_120.csv,killC_121.csv,killC_122.csv,killC_123.csv,killC_124.csv,killC_125.csv,killC_126.csv,killC_127.csv,killC_128.csv,killC_129.csv,killC_13.csv,killC_130.csv,killC_131.csv,killC_132.csv,killC_133.csv,killC_134.csv,killC_135.csv,killC_136.csv,killC_137.csv,killC_138.csv,killC_139.csv,killC_14.csv,killC_140.csv,killC_141.csv,killC_142.csv,killC_143.csv,killC_144.csv,killC_145.csv,killC_146.csv,killC_147.csv,killC_148.csv,killC_149.csv,killC_15.csv,killC_150.csv,killC_151.csv,killC_152.csv,killC_153.csv,killC_154.csv,killC_155.csv,killC_156.csv,killC_157.csv,killC_158.csv,killC_159.csv,killC_16.csv,killC_160.csv,killC_17.csv,killC_18.csv,killC_19.csv,killC_2.csv,killC_20.csv,killC_21.csv,killC_22.csv,killC_23.csv,killC_24.csv,killC_25.csv,killC_26.csv,killC_27.csv,killC_28.csv,killC_29.csv,killC_3.csv,killC_30.csv,killC_31.csv,killC_32.csv,killC_33.csv,killC_34.csv,killC_35.csv,killC_36.csv,killC_37.csv,killC_38.csv,killC_39.csv,killC_4.csv,killC_40.csv,killC_41.csv,killC_42.csv,killC_43.csv,killC_44.csv,killC_45.csv,killC_46.csv,killC_47.csv,killC_48.csv,killC_49.csv,killC_5.csv,killC_50.csv,killC_51.csv,killC_52.csv,killC_53.csv,killC_54.csv,killC_55.csv,killC_56.csv,killC_57.csv,killC_58.csv,killC_59.csv,killC_6.csv,killC_60.csv,killC_61.csv,killC_62.csv,killC_63.csv,killC_64.csv,killC_65.csv,killC_66.csv,killC_67.csv,killC_68.csv,killC_69.csv,killC_7.csv,killC_70.csv,killC_71.csv,killC_72.csv,killC_73.csv,killC_74.csv,killC_75.csv,killC_76.csv,killC_77.csv,killC_78.csv,killC_79.csv,killC_8.csv,killC_80.csv,killC_81.csv,killC_82.csv,killC_83.csv,killC_84.csv,killC_85.csv,killC_86.csv,killC_87.csv,killC_88.csv,killC_89.csv,killC_9.csv,killC_90.csv,killC_91.csv,killC_92.csv,killC_93.csv,killC_94.csv,killC_95.csv,killC_96.csv,killC_97.csv,killC_98.csv,killC_99.csv
65,117,388,87,308,157,461,200,145,130,333,278,310,140,354,6,22,141,224,470,422,435,386,231,499,197,202,297,139,46,86,379,442,430,437,97,101,242,209,123,418,112,91,487,232,280,252,9,69,419,380,217,54,465,244,306,427,301,248,406,412,19,30,432,334,245,171,173,28,385,380,45,120,271,142,64,25,384,218,214,477,84,100,140,458,230,374,391,16,253,254,452,197,373,49,244,363,298,232,266,314,157,373,428,373,367,404,282,15,336,491,84,88,102,121,3,450,79,461,189,353,424,321,464,498,112,103,116,184,274,442,443,19,204,4,478,80,127,118,171,434,169,139,133,328,254,76,145,406,124,392,84,232,382,403,212,488,166,257,490
133,277,465,259,56,189,310,334,37,242,61,456,55,137,225,314,188,62,119,137,420,273,271,412,279,396,430,111,64,146,223,259,117,229,108,454,217,278,54,33,436,138,395,48,385,477,47,103,430,196,356,419,367,302,494,13,133,113,117,180,402,157,273,291,372,80,429,98,357,313,330,281,472,172,276,110,259,380,290,447,40,300,151,235,10,110,483,424,20,162,452,410,304,407,439,142,56,392,61,277,210,368,99,87,169,495,78,487,91,472,69,52,496,330,440,66,408,380,202,435,292,371,334,441,300,46,98,476,57,161,346,154,29,177,161,464,1,323,249,141,104,307,332,463,329,85,183,475,234,111,60,166,395,351,381,36,450,148,329,181
477,491,62,60,405,119,133,76,49,67,239,144,440,119,426,143,425,252,159,35,278,285,391,458,389,49,441,76,189,136,435,403,143,474,185,89,340,209,230,66,123,22,418,333,372,315,189,316,66,374,404,288,88,183,47,129,306,458,78,57,84,297,247,62,335,194,202,161,72,418,286,373,436,436,120,375,6,156,171,264,278,377,194,193,309,455,399,218,343,249,116,442,463,253,369,207,36,360,339,488,477,279,124,466,164,266,313,448,152,60,500,170,10,131,125,477,460,23,336,147,437,182,86,470,146,212,71,333,187,16,226,107,212,130,348,5,421,46,457,179,373,493,473,498,179,68,205,448,39,329,311,366,36,335,55,361,212,373,227,67
265,349,196,91,197,444,2,135,315,359,118,165,228,304,224,140,214,320,23,186,374,290,67,197,316,11,140,264,442,5,161,226,54,219,365,19,491,220,466,432,470,308,489,420,241,323,210,195,436,379,463,492,484,420,186,92,436,357,148,236,49,474,392,116,440,174,259,11,90,122,455,498,372,315,238,208,306,460,203,341,375,145,213,232,377,56,160,137,187,190,479,295,96,418,417,440,229,305,351,219,367,475,310,137,23,99,49,310,117,11,340,479,412,453,376,71,84,195,93,287,16,265,481,187,327,378,249,95,80,49,126,467,284,83,2,417,73,388,353,457,301,36,93,235,225,84,16,341,155,179,255,388,324,260,220,169,228,378,28,80
213,79,399,389,64,97,343,489,83,300,381,220,270,473,30,486,106,137,58,328,70,500,414,315,250,242,28,43,263,449,89,168,286,460,180,444,326,480,231,424,49,122,216,51,218,216,283,493,237,340,346,405,297,430,182,391,196,471,220,58,395,48,139,294,287,247,337,221,99,138,39,397,42,321,460,19,488,454,323,13,212,442,334,380,198,303,206,279,264,283,334,277,30,303,239,355,215,270,83,299,416,105,125,37,97,127,427,383,232,473,453,392,409,448,153,226,246,77,401,42,99,260,379,346,391,236,33,152,406,327,351,239,169,490,160,182,58,335,46,296,275,301,135,113,314,348,467,54,232,494,236,281,491,495,455,174,266,118,185,438
147,343,216,305,129,41,447,481,166,315,163,147,317,409,260,341,161,131,454,342,22,150,402,78,79,16,472,367,353,154,324,243,195,159,68,457,248,351,500,255,34,110,490,16,45,489,154,19,233,327,28,482,427,102,400,289,135,69,76,355,331,46,232,162,421,248,350,47,263,162,305,252,308,138,66,404,481,348,165,256,442,4,433,357,219,180,479,102,3,95,259,41,425,301,461,444,495,115,356,484,48,161,154,264,418,79,472,490,335,458,83,102,144,118,176,397,178,306,359,290,235,249,487,404,430,276,391,83,377,459,166,190,261,354,27,387,84,474,92,242,348,274,252,179,402,474,34,434,259,409,49,357,173,241,358,159,271,428,199,353
28,25,162,188,451,320,407,263,425,58,439,465,398,35,375,355,132,369,214,198,274,441,144,170,194,271,370,99,319,410,261,270,135,445,257,136,376,333,300,90,225,391,347,360,82,192,196,344,422,97,56,8,382,20,490,162,154,439,13,203,366,437,335,96,3,129,139,171,309,103,493,121,62,415,192,67,216,152,16,311,219,171,69,344,466,147,116,133,183,74,315,259,489,130,422,30,349,200,81,418,223,250,149,451,21,289,21,457,124,90,229,358,127,420,106,315,14,152,469,92,236,11,70,135,405,217,184,496,221,440,336,286,102,327,444,439,297,12,143,465,340,348,88,86,331,381,186,348,332,191,63,392,52,141,139,482,472,286,20,489
236,31,206,356,178,385,380,54,494,298,57,471,172,54,495,121,390,98,461,260,334,222,475,349,461,217,125,499,363,196,342,411,60,250,302,350,138,74,236,254,218,275,12,394,379,449,351,334,349,463,310,219,273,264,359,224,305,371,30,235,435,50,50,427,201,427,92,218,485,306,146,452,164,378,15,444,34,329,499,325,39,258,33,214,146,106,100,385,88,223,294,313,78,12,247,91,252,124,188,145,437,418,115,212,320,398,343,296,388,325,345,129,29,115,308,388,8,116,182,223,499,147,140,146,401,4,127,66,4,207,345,19,54,485,340,43,196,399,193,210,383,250,499,166,46,208,414,289,250,290,6,210,120,230,40,455,429,142,340,492
328,144,77,26,113,483,302,147,470,245,481,372,28,183,191,210,490,422,170,200,69,25,6,171,210,39,491,331,209,442,456,157,81,427,500,347,368,408,27,36,181,176,453,492,9,262,23,34,400,288,22,403,354,307,306,419,481,341,458,272,404,143,255,88,468,82,389,22,424,111,147,222,149,350,201,231,12,203,421,485,9,368,447,492,173,479,464,452,430,278,72,261,258,6,405,77,49,495,420,290,133,310,486,266,358,88,347,21,324,178,120,466,243,90,360,104,295,444,453,324,152,51,60,51,302,399,28,481,275,21,361,139,88,287,36,93,287,209,69,461,101,217,413,60,451,461,434,385,111,272,451,352,62,212,491,259,209,311,55,270
350,403,37,18,499,147,22,22,53,90,354,115,178,239,399,16,157,146,226,184,406,330,481,264,24,181,345,244,19,83,193,275,290,314,74,306,471,492,248,209,353,117,225,25,110,114,227,18,223,84,116,57,349,363,218,191,234,385,242,413,324,370,41,51,451,311,9,206,438,242,346,195,116,261,277,259,451,318,116,366,205,403,254,441,411,430,321,243,349,51,272,180,57,271,104,194,399,215,307,130,475,407,218,392,326,95,400,46,255,138,72,250,489,117,391,94,159,221,366,295,146,459,428,69,318,100,120,389,92,67,237,405,325,227,450,32,395,5,43,441,216,67,293,495,254,34,144,244,121,89,471,86,104,207,361,56,341,432,407,201
67,323,493,282,482,484,259,444,311,106,342,119,438,312,357,494,493,183,326,223,197,234,288,76,426,479,40,444,432,11,284,283,414,59,297,434,183,473,428,37,362,417,345,211,68,232,8,109,46,273,213,27,420,66,181,482,187,133,261,255,102,68,138,321,387,151,98,249,401,278,260,127,493,224,213,469,329,456,300,79,175,192,348,439,341,79,215,47,219,286,293,470,344,485,106,121,242,453,10,409,309,123,485,168,123,360,463,317,361,252,75,81,183,284,177,314,343,482,236,368,79,405,309,261,134,374,143,322,68,231,352,247,66,173,471,290,81,89,467,329,163,179,203,316,267,333,25,442,152,392,432,445,425,97,238,167,160,199,355,474
330,469,408,126,392,148,87,356,497,254,456,98,269,454,370,459,71,172,103,388,417,225,350,218,69,290,422,190,66,281,428,320,239,363,136,292,319,73,472,338,442,128,129,222,493,468,258,311,261,313,91,266,144,8,438,357,432,49,122,238,292,136,353,491,415,36,262,300,477,168,221,84,34,285,183,279,89,405,447,231,464,490,124,421,435,189,14,445,21,450,134,221,247,17,127,329,153,229,476,301,246,286,390,412,154,115,43,8,435,71,184,404,300,356,119,261,301,445,227,469,462,308,69,152,220,88,358,457,93,88,90,103,421,483,129,425,381,192,352,303,149,387,65,364,34,462,296,340,71,415,85,231,87,25,297,62,249,324,202,64
36,233,316,219,443,382,227,50,242,194,284,294,121,328,367,287,239,306,2,146,43,356,172,100,56,205,317,391,70,254,58,49,342,403,45,491,360,28,82,298,62,233,108,365,90,199,485,138,310,350,381,185,116,163,137,381,122,59,396,447,344,410,341,260,398,429,138,308,322,483,418,230,431,287,396,119,350,282,309,292,436,185,470,383,323,154,29,17,40,500,70,65,119,79,275,463,53,219,441,394,17,454,100,463,74,9,491,468,92,284,330,383,40,361,192,87,344,319,363,313,291,18,42,420,78,315,225,169,128,23,267,217,85,109,331,198,437,468,412,318,325,86,259,468,214,110,453,438,264,74,81,14,244,499,205,464,57,368,29,299
242,457,375,451,236,340,154,408,363,135,95,322,149,381,90,364,374,447,144,489,466,332,21,184,421,58,372,274,25,222,160,296,196,37,466,125,147,76,290,128,381,191,206,24,46,74,107,50,101,117,426,10,478,60,154,363,47,221,66,500,80,387,464,346,455,219,153,80,299,345,46,368,452,97,391,16,76,133,176,142,43,195,392,135,412,257,164,16,125,149,146,112,481,151,181,235,355,260,475,223,75,188,146,374,407,24,312,497,429,246,129,300,256,256,212,271,119,190,496,404,491,330,394,33,8,319,482,338,47,369,146,403,475,192,265,229,301,38,44,150,272,368,217,72,166,301,258,45,310,6,426,178,157,157,122,296,400,251,321,468
185,237,74,43,335,411,105,152,21,373,499,124,49,180,87,87,242,38,233,414,486,132,410,400,300,287,27,106,347,366,399,336,130,46,304,135,349,441,314,351,304,231,22,226,216,474,153,71,478,310,54,196,183,41,170,492,384,481,439,198,228,147,64,187,331,64,309,414,51,499,44,377,209,230,256,162,47,283,57,28,274,388,156,239,380,116,176,384,240,50,35,292,377,258,109,356,122,245,247,31,96,176,364,381,208,399,340,233,404,107,391,189,64,422,418,360,285,178,147,218,275,150,387,395,106,211,293,14,287,187,195,323,83,62,142,236,211,409,99,203,233,412,457,404,130,122,88,379,96,412,289,467,219,174,331,491,256,272,30,302
130,125,409,32,315,127,301,202,20,21,101,101,122,205,20,407,62,89,322,270,352,106,371,418,483,346,432,232,429,232,188,500,382,455,431,479,379,282,34,248,31,388,174,255,481,272,126,186,292,190,299,470,42,417,85,102,237,35,111,282,485,361,249,103,399,317,236,136,40,210,389,70,326,164,156,165,145,249,392,345,406,116,413,339,72,225,16,446,215,247,112,252,478,68,12,484,186,289,452,346,497,206,36,247,163,1,182,384,54,61,74,490,162,384,386,372,140,87,51,179,286,349,267,172,115,372,266,184,178,51,37,412,30,337,157,231,78,87,65,11,177,373,405,413,104,360,44,445,261,485,400,430,413,338,231,82,288,157,339,365
442,202,197,20,254,52,234,34,221,153,437,173,210,314,96,227,27,394,121,155,207,100,324,449,321,489,260,336,5,91,431,332,351,317,439,82,58,409,217,56,478,267,267,283,130,414,420,476,339,378,488,121,423,192,229,465,105,155,197,360,359,259,462,317,252,40,119,419,493,447,212,232,228,200,146,403,379,14,307,391,59,108,116,293,356,190,387,14,379,66,374,289,447,427,77,229,437,246,80,494,130,207,285,329,122,52,360,327,498,10,428,230,260,104,253,2,206,277,335,426,169,123,305,120,137,31,145,231,323,184,365,89,57,465,233,323,397,417,342,143,171,32,235,187,220,66,137,27,394,410,459,167,438,436,100,238,189,83,291,100
392,175,75,55,133,88,182,98,151,274,176,470,395,242,240,241,268,184,408,281,116,256,159,23,444,106,231,284,332,473,70,149,418,389,287,481,19,227,441,277,313,290,63,3,91,454,133,475,117,305,199,232,394,24,246,87,438,308,114,400,132,114,424,373,141,188,400,450,436,458,448,406,232,377,333,224,43,33,67,422,422,386,149,162,400,139,365,493,128,443,18,37,33,465,322,48,213,290,361,326,213,208,500,108,221,174,263,496,128,413,400,465,161,94,43,228,45,290,337,48,40,148,31,167,97,375,319,318,186,415,383,63,72,455,118,373,429,112,122,68,414,30,319,15,264,255,46,457,307,99,356,187,164,459,244,419,301,381,74,232
3,459,290,490,150,467,201,292,335,86,492,5,68,369,467,400,81,281,132,410,167,399,41,282,39,188,20,486,478,358,126,444,271,192,383,189,384,292,417,85,305,266,396,133,369,307,359,417,381,123,433,367,58,63,76,373,200,279,4,485,149,430,423,46,447,297,500,272,256,101,323,363,171,48,472,358,448,72,76,14,25,359,269,47,495,136,210,76,456,423,27,161,151,436,19,125,405,141,284,168,482,92,438,28,350,104,109,242,109,404,455,482,154,88,357,447,89,91,346,191,60,84,492,40,336,421,107,146,284,428,200,258,92,72,273,58,434,408,330,250,323,483,379,318,24,111,288,462,188,92,365,313,42,305,135,184,284,198,221,421
353,487,140,438,131,360,279,313,72,378,77,76,442,335,242,448,147,457,57,488,115,424,497,56,335,344,150,184,204,402,129,297,402,442,284,149,456,368,90,166,380,24,46,436,391,343,90,500,57,83,187,258,148,396,219,122,282,89,139,334,88,428,352,104,2,492,459,243,276,486,270,164,225,460,269,137,209,288,446,457,195,255,154,78,236,478,79,114,285,447,319,257,306,375,229,221,321,313,93,406,251,91,203,104,346,324,478,152,150,425,181,146,266,442,270,276,175,103,486,343,143,87,315,423,275,188,260,385,90,342,403,273,98,344,244,201,473,295,305,351,24,325,140,368,67,277,127,393,133,349,239,406,411,7,275,20,313,338,279,374
221,170,221,237,444,412,109,308,265,173,173,469,170,195,393,348,453,287,356,85,205,7,369,83,296,47,426,24,342,218,131,50,235,178,293,20,116,280,104,223,390,269,360,77,35,466,179,327,371,292,297,45,220,45,201,55,473,165,219,3,422,386,253,246,374,439,4,447,442,467,139,175,406,67,413,500,122,12,215,389,444,66,330,408,162,126,78,300,294,359,111,402,477,199,411,406,290,439,240,98,63,115,480,410,82,448,155,498,257,121,92,101,405,296,197,177,419,347,229,308,367,345,221,234,438,402,342,113,110,328,92,267,196,190,124,174,424,416,155,239,14,161,495,74,39,378,115,31,330,446,281,164,389,215,142,94,26,161,101,499
203,347,307,377,109,401,435,366,490,224,477,238,422,156,284,350,279,388,48,351,94,96,452,261,148,485,341,455,278,201,128,241,214,321,192,77,72,57,346,390,265,147,262,106,1,470,46,389,230,105,407,104,482,400,53,146,153,198,304,176,260,83,173,7,42,15,44,190,190,199,121,35,469,280,247,194,236,493,93,65,450,189,48,67,87,264,336,83,13,431,51,115,6,440,132,385,199,53,322,57,73,253,377,495,176,46,396,307,272,209,419,367,97,277,111,472,126,56,445,40,486,151,124,416,222,142,430,16,141,335,124,387,291,453,443,281,257,104,333,69,4,53,321,152,436,12,53,218,435,379,11,500,431,404,496,108,197,430,158,183
210,440,397,4,226,334,373,103,314,285,191,195,205,333,380,147,486,292,156,408,35,320,115,180,42,206,5,492,431,59,175,100,384,213,362,465,342,277,331,364,336,100,403,15,304,57,57,160,331,362,158,71,168,256,214,396,10,293,285,291,388,203,1,201,148,452,166,39,369,352,468,157,161,74,58,349,118,367,70,319,476,261,92,148,395,178,500,122,156,313,64,25,204,323,280,277,371,59,309,232,476,344,44,316,258,424,73,347,410,466,24,160,129,342,48,45,494,104,483,394,316,286,260,436,383,36,20,420,431,141,435,353,311,94,313,71,365,282,15,411,120,210,241,301,25,231,187,101,227,115,202,147,257,19,48,416,107,422,15,401
187,62,69,353,159,460,226,1,459,35,334,86,119,39,10,83,88,317,197,176,31,423,221,237,350,350,404,47,40,394,438,188,164,291,260,9,195,451,38,76,241,92,344,341,222,95,410,442,141,238,150,218,182,364,268,447,288,37,58,416,200,347,344,109,205,436,474,326,386,365,293,381,342,115,380,27,80,117,106,149,298,119,315,346,5,262,61,466,235,29,290,232,110,393,72,308,172,185,190,12,415,22,93,429,431,200,367,34,371,399,68,459,426,258,439,320,108,375,145,17,448,467,55,47,342,348,19,274,313,485,364,191,241,58,458,20,36,131,450,212,45,146,171,125,51,365,376,347,240,108,275,245,65,364,500,488,142,235,19,283
64,256,193,381,288,406,369,194,26,369,445,472,80,226,144,349,363,23,59,333,446,264,209,193,187,363,330,267,456,197,180,97,212,383,82,466,54,327,193,366,488,42,357,203,134,20,380,347,272,453,177,304,333,252,133,445,338,463,281,213,15,375,57,150,40,34,385,322,5,176,233,349,188,344,464,477,176,286,338,313,315,338,474,362,462,363,46,84,214,194,365,233,121,344,472,259,357,415,166,52,450,214,224,68,490,339,294,110,402,465,131,131,350,101,483,62,265,261,192,356,484,116,368,93,349,92,300,464,374,96,56,293,194,278,392,243,269,334,244,90,105,108,341,372,468,193,468,105,110,146,46,446,85,145,341,372,376,23,169,322
482,143,147,195,153,269,230,385,482,309,94,398,405,18,433,242,206,266,309,439,85,112,109,313,54,129,252,263,247,495,20,240,53,150,207,464,164,259,293,444,166,373,372,285,461,58,256,402,220,224,272,430,225,106,37,190,213,123,492,117,457,168,405,77,327,433,59,183,377,20,307,134,433,273,409,316,169,161,240,339,120,63,210,472,11,324,497,23,149,166,3,333,111,335,68,461,383,73,200,401,245,387,62,191,425,270,248,92,354,272,367,357,208,364,310,22,454,461,317,59,9,169,52,218,29,37,7,157,318,378,257,271,466,373,171,458,292,106,270,368,256,288,253,194,88,292,45,346,438,302,28,179,478,159,265,323,492,349,5,156
340,45,19,108,92,160,208,445,392,310,148,11,61,129,15,38,433,377,373,327,418,367,429,161,297,369,224,497,277,388,33,258,288,438,118,365,170,293,126,140,167,88,180,234,251,403,229,73,375,82,290,448,149,9,32,432,244,149,187,313,148,65,159,378,368,295,415,158,144,428,263,485,368,318,186,330,466,260,256,52,271,369,84,299,51,187,214,151,305,322,113,356,72,32,87,169,18,172,17,337,57,68,411,401,96,418,397,160,5,15,322,184,276,266,209,48,418,120,449,379,121,119,330,319,133,41,311,76,327,453,463,432,185,4,115,292,225,395,497,364,403,28,14,475,13,463,361,41,160,198,195,74,461,391,434,22,49,389,3,383
14,260,475,162,452,231,282,304,201,372,465,157,21,288,60,276,142,121,391,105,220,304,30,335,43,445,18,158,287,132,121,250,318,328,391,45,17,356,324,449,43,133,368,419,362,66,296,371,145,402,473,435,483,209,262,139,342,48,374,491,212,134,47,147,322,240,431,104,233,181,200,267,305,372,86,492,340,22,205,237,235,419,337,154,399,130,413,289,407,203,215,473,386,45,365,150,170,109,397,323,244,56,2,377,213,248,186,336,28,285,299,6,211,25,438,457,73,132,198,338,383,296,463,354,292,239,423,36,317,246,138,459,363,196,457,326,158,152,79,88,240,129,459,211,301,187,269,157,413,367,57,316,325,314,397,338,14,120,155,6
424,160,492,202,138,200,479,394,460,247,337,158,107,483,307,82,18,228,300,462,427,153,355,17,124,291,3,478,240,183,400,402,169,368,130,239,480,265,4,184,463,303,310,158,325,161,124,220,211,349,108,343,308,489,132,220,321,271,237,425,203,80,478,403,59,165,102,217,215,262,24,450,324,55,45,311,258,500,454,91,88,69,468,315,476,184,337,413,174,468,161,477,266,349,490,362,395,425,71,81,147,281,370,296,367,215,438,15,138,199,167,28,252,168,351,344,167,451,430,26,323,127,246,1,63,11,149,123,145,46,59,1,8,114,17,320,328,10,294,155,360,118,426,6,416,430,58,404,53,493,284,469,153,57,370,418,214,436,424,87
476,147,382,393,243,481,484,440,43,436,291,381,196,145,371,286,39,419,369,48,186,397,64,167,151,464,157,228,285,68,136,459,316,267,191,305,301,206,94,315,14,99,264,37,330,243,63,339,51,383,422,394,404,354,60,415,299,303,216,152,189,290,321,285,282,12,234,374,178,228,390,487,302,403,209,113,127,141,348,428,296,365,185,181,102,121,98,91,307,63,327,278,215,268,14,111,205,183,207,245,341,2,143,113,68,277,454,123,489,25,456,234,344,480,128,485,438,34,289,374,186,303,192,217,52,1,348,240,361,177,183,402,437,128,315,493,68,153,295,149,428,242,483,479,74,481,142,318,63,411,225,3,382,284,42,241,7,242,262,260
239,446,288,492,329,245,104,121,455,68,164,145,401,73,340,79,220,352,150,15,309,288,58,86,204,435,375,255,29,30,18,80,234,413,210,127,278,260,45,276,392,39,494,271,11,209,204,477,70,428,78,39,34,215,120,334,111,482,347,171,164,258,89,275,154,321,446,390,145,213,214,125,53,302,313,323,299,195,68,458,260,362,105,95,299,340,238,482,437,155,150,144,277,350,367,20,78,411,495,127,351,446,458,134,260,349,485,321,224,84,392,13,363,120,89,166,449,175,176,500,206,139,110,87,130,274,480,72,414,456,469,124,334,22,114,57,330,488,216,44,238,82,393,150,196,170,407,368,87,207,224,201,342,232,107,103,425,19,370,331
380,93,130,362,124,279,49,329,246,437,221,55,379,334,139,39,21,231,64,167,351,114,147,149,180,370,463,324,310,262,143,486,44,197,200,161,156,498,200,267,363,365,482,322,393,119,430,38,406,476,431,212,272,433,192,352,274,486,280,36,21,423,221,449,188,329,484,233,393,100,339,213,257,223,155,390,213,242,84,298,270,29,300,428,343,25,447,196,393,377,225,492,40,83,163,197,169,187,179,153,369,496,41,285,419,298,76,126,386,165,133,44,443,306,334,403,275,121,101,95,346,460,398,331,372,158,147,365,153,416,301,23,376,131,222,432,250,151,340,231,264,488,72,163,98,123,229,419,456,361,231,307,16,440,19,224,320,490,112,464
217,245,227,3,328,98,101,286,193,57,405,65,33,379,230,80,76,249,489,20,74,206,461,387,215,161,270,117,362,269,235,304,467,252,336,17,100,461,109,169,67,10,37,220,139,349,7,170,264,245,500,102,290,440,320,274,3,467,27,242,420,72,112,48,166,467,95,332,73,307,124,302,69,106,421,226,244,485,395,48,13,384,90,85,230,221,87,461,277,385,339,123,45,486,310,346,288,442,312,123,215,131,305,41,139,276,84,63,344,405,195,128,212,184,132,413,60,44,196,135,111,200,78,182,384,89,403,147,200,27,446,48,401,390,438,103,465,338,211,86,404,238,39,62,463,9,211,72,175,483,251,454,235,171,443,316,324,20,111,30
169,405,187,185,304,65,473,80,375,100,209,133,255,390,320,9,455,199,393,481,386,3,275,234,430,278,355,457,366,193,269,175,109,435,282,279,199,94,403,97,126,98,471,426,7,99,401,374,248,231,248,378,113,193,131,316,463,29,177,381,179,156,116,462,215,33,198,484,98,237,205,225,25,389,499,150,237,225,481,203,247,140,366,196,439,456,42,350,118,463,75,7,338,439,331,10,492,114,112,73,451,492,299,197,92,111,399,164,175,360,202,76,291,315,3,140,75,341,189,177,104,468,434,42,348,251,273,167,453,239,40,110,253,34,19,193,55,36,296,460,187,286,113,257,401,180,355,109,319,477,420,489,54,390,321,470,182,392,479,113
120,179,170,224,401,112,29,446,244,92,300,406,426,234,53,259,228,139,335,119,272,446,59,125,31,232,35,330,469,378,315,28,397,375,332,483,302,108,234,306,65,397,256,174,331,355,17,336,112,440,311,296,438,184,371,86,151,380,182,467,87,420,178,358,125,102,275,361,247,413,348,331,132,251,360,456,254,126,105,275,473,213,442,327,391,138,158,175,395,167,379,157,233,252,433,54,393,293,201,115,206,341,376,331,413,479,221,359,214,75,27,179,302,406,171,30,399,413,446,228,321,173,457,345,385,127,258,486,381,169,319,262,298,151,432,339,205,305,13,273,167,338,196,260,235,307,438,365,278,234,125,236,165,158,192,229,32,353,437,288
399,294,217,256,449,450,122,36,376,125,97,441,227,475,412,419,135,20,341,380,232,171,100,183,363,234,100,241,437,75,420,186,205,288,6,18,70,212,151,492,458,52,186,183,53,63,118,304,379,33,271,412,380,279,485,9,490,320,457,4,60,455,280,211,456,124,366,306,118,58,236,358,238,159,309,267,465,298,23,43,67,274,441,127,138,277,495,22,19,441,198,448,216,30,36,368,32,155,462,240,280,42,27,278,142,353,62,98,282,451,214,145,498,6,274,432,65,191,184,418,288,203,152,440,467,256,199,482,164,488,495,436,116,470,418,284,369,32,269,156,334,460,229,32,3,276,107,291,76,127,149,118,190,178,401,463,490,266,280,267
410,360,78,128,351,11,107,395,362,273,248,348,399,230,346,191,67,434,255,132,291,324,332,471,397,282,368,78,271,128,344,264,370,50,337,211,179,320,242,353,405,164,66,500,487,149,247,82,317,137,309,468,393,470,89,480,214,177,433,200,154,265,9,274,140,363,403,10,430,91,243,224,321,192,255,147,109,230,148,175,290,168,356,43,237,358,339,46,288,136,181,348,330,28,338,344,427,492,244,358,11,354,80,156,181,419,82,287,189,205,145,292,457,412,208,500,213,457,441,130,82,94,488,252,231,30,323,180,451,302,497,53,343,393,394,441,266,480,309,27,162,266,16,293,422,421,277,450,115,283,53,228,233,126,43,196,122,279,457,446
156,322,95,263,347,442,5,15,138,314,100,498,151,389,84,266,98,414,284,106,191,365,378,7,131,123,91,496,251,387,339,298,197,163,442,272,400,255,392,344,343,106,400,195,105,7,122,61,64,365,21,417,1,229,376,247,325,36,176,323,266,209,54,86,341,65,414,268,186,12,440,48,64,247,9,45,153,49,103,379,92,138,387,353,490,462,449,321,60,498,122,431,27,490,435,364,283,177,15,155,51,328,331,450,432,18,488,209,428,222,378,139,323,319,97,264,254,10,68,439,85,495,324,59,139,91,465,465,97,80,250,152,344,318,223,424,15,240,361,61,35,186,256,256,421,409,425,231,427,404,449,471,149,441,72,335,459,110,46,333
331,198,469,376,316,250,267,251,495,265,137,330,44,61,6,98,30,312,128,348,137,463,256,124,331,157,315,354,119,117,373,390,6,409,233,458,289,82,164,373,19,333,13,340,210,420,319,85,95,133,235,207,211,101,416,136,339,286,82,145,337,257,53,240,394,53,216,431,42,232,99,94,119,21,34,284,458,190,298,483,285,408,487,48,469,38,304,2,485,219,480,370,490,305,93,453,85,36,468,244,500,389,65,32,150,446,353,225,156,343,8,282,188,164,421,213,405,246,418,160,10,6,404,97,297,404,26,21,152,400,409,461,391,7,328,395,76,276,213,99,225,259,490,88,15,243,238,12,492,215,99,411,71,483,323,206,379,291,82,65
489,283,103,310,412,339,199,247,197,493,187,453,431,26,342,188,388,159,160,444,59,444,400,64,179,250,264,219,446,101,207,123,228,271,363,25,415,112,46,191,468,470,338,383,417,271,176,478,129,241,138,103,204,424,432,104,116,175,279,32,430,45,7,344,198,17,53,413,232,364,412,81,285,3,459,134,285,293,200,402,370,141,471,325,15,89,177,97,103,437,120,56,272,85,298,227,282,271,362,199,420,469,381,376,80,262,198,315,171,316,318,451,465,438,91,198,474,214,305,73,427,106,284,301,412,156,221,364,17,337,287,117,271,66,185,78,163,412,268,56,30,239,69,366,19,158,486,306,376,487,362,308,81,211,47,163,111,341,252,466
367,115,318,404,16,92,299,316,32,421,151,221,50,420,489,315,234,72,269,130,56,442,165,96,451,88,276,58,20,249,201,119,389,155,150,214,44,203,112,14,210,16,73,261,327,281,128,398,210,135,62,130,10,132,26,212,61,250,55,452,391,491,391,43,464,94,148,318,173,139,290,270,318,257,210,247,125,11,280,93,448,149,499,415,111,103,465,169,284,68,345,50,29,19,355,209,465,348,58,316,461,213,273,427,405,185,245,426,11,391,471,108,71,305,356,335,220,236,76,129,50,421,58,482,320,339,333,133,328,423,178,175,175,250,102,314,337,445,281,360,483,312,474,65,268,345,167,64,457,218,146,326,320,43,89,475,497,306,226,457
483,80,317,273,175,397,52,422,232,396,171,113,99,188,132,148,63,275,327,177,261,289,16,452,456,292,254,208,327,485,254,357,281,47,164,13,64,398,262,304,300,186,312,245,352,329,419,457,196,324,322,480,368,111,295,380,498,119,214,402,178,15,52,364,353,106,460,262,433,3,8,499,400,233,492,434,341,145,304,370,57,314,114,244,327,91,39,121,298,105,344,389,241,386,453,231,342,67,260,129,142,43,35,422,479,271,230,136,71,362,57,214,160,135,290,56,466,173,402,270,482,28,164,473,463,270,499,467,7,429,359,194,432,355,338,75,19,134,256,338,179,185,228,103,340,420,498,324,396,185,377,46,199,191,241,486,4,457,177,61
287,471,446,208,128,111,357,450,295,7,467,362,466,413,64,330,169,498,230,498,165,468,417,301,256,457,143,393,494,231,436,206,232,211,97,6,385,450,60,79,322,420,270,441,387,169,361,16,247,395,486,295,8,477,84,268,400,164,49,468,415,340,467,155,289,199,28,27,303,206,275,289,396,17,493,343,210,361,333,229,264,180,44,187,263,392,60,51,455,4,302,327,143,472,263,335,278,182,460,348,176,353,132,229,194,261,166,450,114,469,90,79,345,373,22,144,292,49,135,53,182,16,145,267,475,391,12,201,137,275,35,473,467,133,424,293,62,75,218,173,135,296,60,429,96,220,402,322,444,51,417,90,194,2,447,125,129,169,484,384
44,21,144,460,322,260,444,386,219,3,44,121,281,167,455,334,375,323,467,109,472,480,46,473,344,193,412,326,383,397,446,66,324,152,154,177,344,89,138,274,377,25,478,14,178,387,335,212,54,214,479,222,373,109,94,448,233,42,194,262,86,439,59,483,405,48,440,159,200,57,357,353,327,91,367,55,126,70,255,37,330,434,117,402,271,259,200,89,206,185,44,2,274,15,234,357,490,178,90,192,333,318,226,224,429,175,197,306,144,447,192,18,190,492,316,316,57,181,102,97,412,273,112,334,42,121,306,264,248,77,113,67,257,203,449,173,175,48,103,430,406,414,315,98,273,479,328,13,239,359,276,337,75,132,167,156,179,443,498,231
457,397,293,364,289,491,467,268,292,495,494,38,249,286,43,483,387,437,470,148,11,350,48,497,282,469,77,107,306,464,385,135,59,203,382,222,7,490,150,480,70,306,16,279,314,383,104,411,458,270,487,161,79,339,222,91,311,368,255,129,253,493,430,284,187,466,72,392,46,204,486,340,255,358,3,42,345,491,399,226,281,379,207,26,246,214,63,104,319,274,38,147,188,452,115,434,66,304,25,142,356,451,210,414,497,461,352,349,412,177,260,496,467,134,240,35,26,458,321,333,69,327,160,453,407,187,332,358,207,339,89,425,494,180,123,296,368,35,207,187,23,128,66,224,251,114,274,436,26,29,403,184,242,200,282,492,227,318,219,416
299,23,1,316,126,149,128,346,499,9,204,267,41,352,102,209,456,256,382,386,425,343,338,302,220,48,101,59,16,151,170,470,159,62,134,86,216,493,268,42,280,27,94,199,358,422,493,60,420,50,250,351,385,42,424,329,159,472,499,263,368,451,488,91,36,104,255,247,278,239,443,276,140,2,365,189,267,134,210,126,136,500,191,305,330,311,142,375,150,22,128,387,384,365,483,99,271,33,13,209,220,415,360,491,310,29,408,452,355,40,36,225,411,413,11,53,333,454,410,414,466,422,270,175,461,182,496,344,448,360,370,270,403,23,308,202,96,162,232,420,59,233,156,80,172,165,71,163,360,375,396,45,429,475,170,315,293,486,186,219
122,393,119,59,417,145,355,17,153,319,406,320,183,254,382,320,172,192,435,376,247,392,188,357,492,17,31,128,137,211,427,54,480,95,244,484,237,415,433,290,323,158,19,281,177,202,166,231,94,134,260,154,38,49,425,367,285,236,494,144,92,338,337,244,487,241,22,458,337,482,113,188,144,197,430,286,167,448,408,40,256,40,157,499,88,405,353,470,461,182,331,271,435,437,6,307,284,227,173,13,93,32,52,75,247,478,418,256,78,127,280,424,263,153,63,60,105,57,177,320,156,408,254,500,493,272,416,20,6,364,382,136,282,28,448,401,361,2,198,12,124,396,109,349,23,443,410,106,477,327,19,161,499,308,289,329,247,370,314,164
159,196,116,156,381,103,195,232,111,39,267,421,57,262,23,447,339,492,133,365,208,88,259,469,485,101,285,14,433,224,416,217,368,51,35,38,107,270,205,34,349,270,96,266,227,64,387,55,440,47,55,124,25,162,391,133,46,285,236,98,410,206,113,307,257,465,226,199,166,192,189,152,24,39,236,146,181,443,386,493,100,227,483,265,47,246,66,390,50,171,295,16,41,110,242,467,98,90,174,59,50,464,489,88,135,417,318,275,38,453,141,347,221,332,447,219,447,446,233,498,59,362,377,52,158,120,29,245,210,203,298,426,349,284,224,396,325,132,130,165,88,445,492,409,59,13,73,479,269,441,206,138,445,12,60,245,147,62,381,56
152,38,155,405,103,453,126,197,337,494,402,273,160,275,107,338,209,246,376,241,14,402,396,154,342,136,14,487,170,497,42,151,231,42,203,56,446,339,295,35,99,440,382,21,60,320,411,375,300,237,74,275,253,121,443,137,382,434,103,371,79,2,98,421,293,121,383,128,214,227,315,414,360,339,412,290,18,334,86,417,437,374,110,44,486,429,429,468,401,482,322,249,453,429,15,208,3,10,29,378,292,429,196,7,224,323,90,304,441,211,480,464,107,126,445,216,476,298,72,329,158,341,193,101,253,463,155,189,25,7,456,325,43,42,14,10,43,347,306,389,116,485,131,371,260,205,463,297,449,223,408,470,405,443,195,411,289,141,129,448
382,181,381,350,285,110,430,224,114,445,58,363,177,382,492,62,44,353,134,339,72,218,205,252,190,134,408,278,149,307,292,79,100,404,209,294,65,160,53,302,221,318,483,309,34,448,288,64,474,343,362,32,147,403,205,170,417,299,454,20,115,348,167,289,46,471,245,179,277,158,26,372,379,286,5,423,437,269,184,223,280,48,352,157,19,86,444,328,217,473,434,294,87,86,471,271,210,422,195,213,368,129,91,356,126,488,292,247,228,421,360,168,164,155,129,394,94,408,22,412,239,473,442,474,305,184,432,312,61,165,18,453,227,426,280,252,324,362,391,469,386,463,376,230,491,444,307,135,300,414,386,466,29,77,256,73,74,68,32,246
