,gene_1,gene_2,HG_pval,rank
417,PAX5,CHD4_negation,5.416565182229401e-46,1
1036,CHD4_negation,VDR_negation,9.763797416717412e-41,2
1027,CHD4_negation,FOXO1_negation,1.8893861701624897e-40,3
1005,CEBPD_negation,CHD4_negation,3.033511273691983e-33,4
492,RFX1,CHD4_negation,7.8304034897247835e-31,5
1037,CHD4_negation,WT1_negation,2.8647800806369967e-29,6
905,YY1,CHD4_negation,1.3549786234112336e-27,7
1106,FOXO1_negation,VDR_negation,2.2537862241786795e-26,8
1023,CHD4_negation,CIITA_negation,1.6980275097494011e-25,9
1032,CHD4_negation,SMAD3_negation,3.155666996979756e-25,10
752,TCF4,CHD4_negation,2.561451007162773e-22,11
1028,CHD4_negation,KLF4_negation,6.459883467163716e-22,12
168,ELK1,CHD4_negation,1.0180734289114576e-21,13
431,PAX5,VDR_negation,5.7918903953202335e-21,14
948,ARNT_negation,CHD4_negation,1.0733162654125816e-20,15
416,PAX5,CEBPD_negation,5.701207759126508e-20,16
422,PAX5,FOXO1_negation,2.128970751842881e-19,17
1052,CIITA_negation,VDR_negation,2.0734035570575542e-18,18
432,PAX5,WT1_negation,6.632591612154326e-18,19
882,YBX1,CHD4_negation,8.15251412029861e-18,20
123,DEK,CHD4_negation,1.77301897703075e-17,21
563,SMAD3,CHD4_negation,4.141612718141085e-17,22
1019,CEBPD_negation,VDR_negation,1.2932694813644847e-16,23
506,RFX1,VDR_negation,1.8866721115842703e-16,24
1026,CHD4_negation,ERG_negation,3.664716677754329e-16,25
662,SPI1,CHD4_negation,9.15483458993714e-16,26
77,CREM,CHD4_negation,2.633404394968336e-15,27
397,PAX5,RFX1,4.963698071611345e-15,28
1025,CHD4_negation,E2F1_negation,5.101204961464836e-15,29
338,HOXA7,CHD4_negation,7.120606337036258e-15,30
1043,CIITA_negation,FOXO1_negation,1.3596689392669458e-14,31
455,PKNOX1,CHD4_negation,2.338234096911595e-14,32
423,PAX5,KLF4_negation,2.6657866655061373e-14,33
896,YBX1,VDR_negation,5.947990967827475e-14,34
146,ELK1,PAX5,9.764854104164229e-14,35
30,CEBPE,CHD4_negation,1.0943744461489858e-13,36
378,KLF2,CHD4_negation,1.1425771259981176e-13,37
405,PAX5,TCF4,1.1737772441562305e-13,38
1030,CHD4_negation,RELA_negation,1.1737772441562305e-13,39
693,STAT3,CHD4_negation,3.487031762532677e-13,40
968,ATF2_negation,CHD4_negation,4.0320799822420086e-13,41
497,RFX1,FOXO1_negation,4.0320799822420086e-13,42
1094,ERG_negation,VDR_negation,9.804910682727311e-13,43
780,TP53,CHD4_negation,1.6907545607534653e-12,44
1170,VDR_negation,WT1_negation,2.470733636202316e-12,45
1151,SMAD3_negation,VDR_negation,3.53493481441245e-12,46
413,PAX5,ARNT_negation,4.98177287949941e-12,47
491,RFX1,CEBPD_negation,6.544944694324778e-12,48
411,PAX5,YY1,7.333646412673175e-12,49
1033,CHD4_negation,SP1_negation,8.482894464329933e-12,50
833,USF2,CHD4_negation,8.894839210916267e-12,51
396,PAX5,PKNOX1,1.189440231033482e-11,52
427,PAX5,SMAD3_negation,2.745795426442261e-11,53
723,STAT6,CHD4_negation,4.0937285388324895e-11,54
1024,CHD4_negation,CREB3_negation,4.099330918054727e-11,55
402,PAX5,SPI1,5.1061635013928374e-11,56
493,RFX1,CIITA_negation,5.1061635013928374e-11,57
418,PAX5,CIITA_negation,5.124189503052263e-11,58
297,FOS,CHD4_negation,5.41772103426484e-11,59
488,RFX1,ARNT_negation,5.41772103426484e-11,60
1006,CEBPD_negation,CIITA_negation,1.2416019361362206e-10,61
1010,CEBPD_negation,FOXO1_negation,1.3768994967798678e-10,62
987,BCL6_negation,CHD4_negation,1.89634312743778e-10,63
421,PAX5,ERG_negation,1.953284647564525e-10,64
420,PAX5,E2F1_negation,1.953284647564525e-10,65
1029,CHD4_negation,NFKB1_negation,2.3605579747795466e-10,66
410,PAX5,YBX1,6.0877044706985e-10,67
847,USF2,VDR_negation,6.0877044706985e-10,68
982,ATF2_negation,VDR_negation,7.974644673312845e-10,69
148,ELK1,RFX1,9.24051675365321e-10,70
425,PAX5,RELA_negation,1.0677183584909742e-09,71
137,DEK,VDR_negation,1.0677183584909742e-09,72
128,DEK,FOXO1_negation,1.0698943463529258e-09,73
101,DEK,PAX5,1.0698943463529258e-09,74
496,RFX1,ERG_negation,1.2294494118502667e-09,75
919,YY1,VDR_negation,1.3341344748604546e-09,76
766,TCF4,VDR_negation,1.5499853469306856e-09,77
1117,KLF4_negation,VDR_negation,1.5499853469306856e-09,78
1053,CIITA_negation,WT1_negation,3.287624305486914e-09,79
1039,CHD4_negation,ZBTB2_negation,3.524078719466266e-09,80
182,ELK1,VDR_negation,3.524078719466266e-09,81
962,ARNT_negation,VDR_negation,4.038041212386195e-09,82
485,RFX1,YBX1,4.243347347994478e-09,83
169,ELK1,CIITA_negation,4.243347347994478e-09,84
1034,CHD4_negation,SPI1_negation,4.6137081790777035e-09,85
1067,CREB3_negation,VDR_negation,6.249701176906064e-09,86
507,RFX1,WT1_negation,1.080506806937724e-08,87
212,ERCC2,CHD4_negation,1.3275932100754133e-08,88
753,TCF4,CIITA_negation,1.4094488842630646e-08,89
1038,CHD4_negation,WWTR1_negation,1.667007356905351e-08,90
8,CEBPE,PAX5,1.938002577453805e-08,91
469,PKNOX1,VDR_negation,2.0873606045781316e-08,92
667,SPI1,FOXO1_negation,2.7888834960935452e-08,93
408,PAX5,USF2,3.150622552066997e-08,94
883,YBX1,CIITA_negation,3.150622552066997e-08,95
1035,CHD4_negation,TWIST2_negation,3.896015214573662e-08,96
316,HOXA7,PAX5,4.7855317081986846e-08,97
404,PAX5,STAT6,4.7855317081986846e-08,98
352,HOXA7,VDR_negation,5.2460831912964594e-08,99
858,WT1,CHD4_negation,5.2460831912964594e-08,100
1009,CEBPD_negation,ERG_negation,6.738543667695672e-08,101
124,DEK,CIITA_negation,8.65463672830831e-08,102
1048,CIITA_negation,SMAD3_negation,8.96945702313942e-08,103
255,ESR2,CHD4_negation,8.96945702313942e-08,104
122,DEK,CEBPD_negation,2.0262640496448456e-07,105
528,SF1,CHD4_negation,2.0262640496448456e-07,106
597,SMARCB1,CHD4_negation,2.5626906383075726e-07,107
838,USF2,FOXO1_negation,2.6640363578526583e-07,108
1020,CEBPD_negation,WT1_negation,2.812635728216279e-07,109
904,YY1,CEBPD_negation,2.812635728216279e-07,110
1157,SP1_negation,VDR_negation,3.0932799330240654e-07,111
807,TP63,CHD4_negation,3.78535176778819e-07,112
403,PAX5,STAT3,3.78535176778819e-07,113
1044,CIITA_negation,KLF4_negation,3.78535176778819e-07,114
1031,CHD4_negation,RXRA_negation,3.8118201614546693e-07,115
881,YBX1,CEBPD_negation,5.458620005112015e-07,116
1081,E2F1_negation,VDR_negation,5.458620005112015e-07,117
275,FOS,PAX5,5.458620005112015e-07,118
399,PAX5,SMAD3,6.246515439650897e-07,119
55,CREM,PAX5,7.639491335565589e-07,120
495,RFX1,E2F1_negation,7.639491335565589e-07,121
949,ARNT_negation,CIITA_negation,7.812907439723242e-07,122
1042,CIITA_negation,ERG_negation,7.812907439723242e-07,123
502,RFX1,SMAD3_negation,8.245318573673641e-07,124
1085,ERG_negation,FOXO1_negation,8.497860580296013e-07,125
129,DEK,KLF4_negation,1.3143455171347059e-06,126
498,RFX1,KLF4_negation,1.3393115850774464e-06,127
837,USF2,ERG_negation,1.4177801484304914e-06,128
483,RFX1,USF2,1.4177801484304914e-06,129
392,KLF2,VDR_negation,1.4177801484304914e-06,130
781,TP53,CIITA_negation,1.4177801484304914e-06,131
906,YY1,CIITA_negation,1.9667835519666854e-06,132
415,PAX5,BCL6_negation,2.8070614967426152e-06,133
1015,CEBPD_negation,SMAD3_negation,4.0506593994706715e-06,134
630,SOX17,CHD4_negation,4.14590590155824e-06,135
737,STAT6,VDR_negation,4.6310114609474655e-06,136
503,RFX1,SP1_negation,4.6310114609474655e-06,137
414,PAX5,ATF2_negation,5.116547244677338e-06,138
872,WT1,VDR_negation,6.279734803685344e-06,139
1171,VDR_negation,WWTR1_negation,6.279734803685344e-06,140
1054,CIITA_negation,WWTR1_negation,6.39512729129295e-06,141
103,DEK,RFX1,6.5096718119245255e-06,142
480,RFX1,TCF4,6.736006391865266e-06,143
91,CREM,VDR_negation,6.960040924077565e-06,144
486,RFX1,YY1,8.73704375259879e-06,145
724,STAT6,CIITA_negation,1.0033227328644016e-05,146
969,ATF2_negation,CIITA_negation,1.4183385884173634e-05,147
1001,BCL6_negation,VDR_negation,1.4183385884173634e-05,148
424,PAX5,NFKB1_negation,1.5514665897626066e-05,149
963,ARNT_negation,WT1_negation,1.8049260029211053e-05,150
121,DEK,BCL6_negation,1.87630453163278e-05,151
834,USF2,CIITA_negation,1.87630453163278e-05,152
663,SPI1,CIITA_negation,1.9263886356548608e-05,153
1041,CIITA_negation,E2F1_negation,1.9263886356548608e-05,154
356,KLF2,PAX5,2.0696689532085946e-05,155
133,DEK,SMAD3_negation,2.345324958789526e-05,156
454,PKNOX1,CEBPD_negation,2.345324958789526e-05,157
676,SPI1,VDR_negation,2.345324958789526e-05,158
419,PAX5,CREB3_negation,2.4677104059328246e-05,159
494,RFX1,CREB3_negation,2.4677104059328246e-05,160
1051,CIITA_negation,TWIST2_negation,2.834522819132285e-05,161
644,SOX17,VDR_negation,2.834522819132285e-05,162
832,USF2,CEBPD_negation,2.879318943417828e-05,163
363,KLF2,SPI1,2.879318943417828e-05,164
1046,CIITA_negation,RELA_negation,2.879318943417828e-05,165
967,ATF2_negation,CEBPD_negation,4.004262278683561e-05,166
756,TCF4,ERG_negation,4.9251687638712945e-05,167
564,SMAD3,CIITA_negation,5.0363190055686547e-05,168
138,DEK,WT1_negation,5.0363190055686547e-05,169
972,ATF2_negation,ERG_negation,5.042585008338022e-05,170
848,USF2,WT1_negation,5.042585008338022e-05,171
1107,FOXO1_negation,WT1_negation,6.36871406538459e-05,172
1144,RXRA_negation,VDR_negation,7.067052719846274e-05,173
661,SPI1,CEBPD_negation,7.067052719846274e-05,174
1007,CEBPD_negation,CREB3_negation,7.727313052342023e-05,175
430,PAX5,TWIST2_negation,7.727313052342023e-05,176
794,TP53,VDR_negation,7.727313052342023e-05,177
927,ZNF76,CHD4_negation,8.015366377290612e-05,178
114,DEK,USF2,9.087200378695391e-05,179
167,ELK1,CEBPD_negation,0.00011392549389799676,180
658,SPI1,ARNT_negation,0.0001161456317914249,181
598,SMARCB1,CIITA_negation,0.0001161456317914249,182
843,USF2,SMAD3_negation,0.0001161456317914249,183
456,PKNOX1,CIITA_negation,0.0001161456317914249,184
1045,CIITA_negation,NFKB1_negation,0.0001161456317914249,185
409,PAX5,WT1,0.00011687036778197665,186
339,HOXA7,CIITA_negation,0.00011687036778197665,187
117,DEK,YY1,0.00011845539480880693,188
134,DEK,SP1_negation,0.00012319670930828128,189
1049,CIITA_negation,SP1_negation,0.00012319670930828128,190
1040,CIITA_negation,CREB3_negation,0.00012319670930828128,191
722,STAT6,CEBPD_negation,0.00013558957792796463,192
434,PAX5,ZBTB2_negation,0.00013558957792796463,193
428,PAX5,SP1_negation,0.00015800295192669735,194
126,DEK,E2F1_negation,0.0001734838088823058,195
95,DEK,ELK1,0.0001734838088823058,196
1095,ERG_negation,WT1_negation,0.00018943164496974596,197
577,SMAD3,VDR_negation,0.00022023366190658913,198
1172,VDR_negation,ZBTB2_negation,0.00024582893777238505,199
429,PAX5,SPI1_negation,0.00024582893777238505,200
108,DEK,SPI1,0.00025092757950131506,201
1011,CEBPD_negation,KLF4_negation,0.0002896796926136046,202
400,PAX5,SMARCB1,0.0003015226344216213,203
672,SPI1,SMAD3_negation,0.0003380111564702801,204
909,YY1,ERG_negation,0.00034908547807730367,205
57,CREM,RFX1,0.0003566162684817051,206
1152,SMAD3_negation,WT1_negation,0.0003587126701980986,207
910,YY1,FOXO1_negation,0.00038142827494994536,208
34,CEBPE,ERG_negation,0.00043671496965570284,209
78,CREM,CIITA_negation,0.0004551768932176751,210
97,DEK,ESR2,0.0004551768932176751,211
379,KLF2,CIITA_negation,0.0004551768932176751,212
830,USF2,ATF2_negation,0.0004551768932176751,213
111,DEK,TCF4,0.00047759317273966947,214
821,TP63,VDR_negation,0.00047759317273966947,215
767,TCF4,WT1_negation,0.0004945615055609117,216
112,DEK,TP53,0.0005235257546106062,217
826,USF2,YBX1,0.0005235257546106062,218
127,DEK,ERG_negation,0.0005235257546106062,219
119,DEK,ARNT_negation,0.0005235257546106062,220
490,RFX1,BCL6_negation,0.0005425098591197216,221
1090,ERG_negation,SMAD3_negation,0.0005425098591197216,222
656,SPI1,YY1,0.0005425098591197216,223
886,YBX1,ERG_negation,0.0005447185577232072,224
887,YBX1,FOXO1_negation,0.0005610996296636138,225
694,STAT3,CIITA_negation,0.0005753902736462828,226
440,PKNOX1,SPI1,0.0005753902736462828,227
707,STAT3,VDR_negation,0.0005753902736462828,228
808,TP63,CIITA_negation,0.0005753902736462828,229
54,CREM,KLF2,0.0005753902736462828,230
159,ELK1,USF2,0.0005753902736462828,231
435,PKNOX1,RFX1,0.000575863231603697,232
1136,RELA_negation,VDR_negation,0.000575863231603697,233
131,DEK,RELA_negation,0.0007524518913069989,234
827,USF2,YY1,0.0008586711643039817,235
226,ERCC2,VDR_negation,0.0008586711643039817,236
269,ESR2,VDR_negation,0.0008586711643039817,237
727,STAT6,ERG_negation,0.0008586711643039817,238
1127,NFKB1_negation,VDR_negation,0.0008682034426222419,239
500,RFX1,RELA_negation,0.0008682034426222419,240
947,ARNT_negation,CEBPD_negation,0.0009221238653212895,241
398,PAX5,SF1,0.0009276860927383088,242
677,SPI1,WT1_negation,0.0009417895010391683,243
173,ELK1,FOXO1_negation,0.0010310818443861683,244
958,ARNT_negation,SMAD3_negation,0.0010419607366367425,245
162,ELK1,YY1,0.0010934594298607346,246
1166,TWIST2_negation,VDR_negation,0.0011782499707924166,247
743,TCF4,USF2,0.0011782499707924166,248
611,SMARCB1,VDR_negation,0.0011782499707924166,249
76,CREM,CEBPD_negation,0.0013857305832237672,250
120,DEK,ATF2_negation,0.0013857305832237672,251
44,CEBPE,VDR_negation,0.0013857305832237672,252
1071,E2F1_negation,ERG_negation,0.0013857305832237672,253
233,ESR2,PAX5,0.0013857305832237672,254
762,TCF4,SMAD3_negation,0.0014202021155975406,255
29,CEBPE,CEBPD_negation,0.0014915523316441567,256
426,PAX5,RXRA_negation,0.0015173610290063829,257
1086,ERG_negation,KLF4_negation,0.0015173610290063829,258
836,USF2,E2F1_negation,0.0017245128905183013,259
104,DEK,SF1,0.0017245128905183013,260
318,HOXA7,RFX1,0.0017409284485628979,261
99,DEK,HOXA7,0.0018310608999877376,262
153,ELK1,SPI1,0.0018310608999877376,263
911,YY1,KLF4_negation,0.0018817373027506968,264
343,HOXA7,FOXO1_negation,0.002081880222275043,265
692,STAT3,CEBPD_negation,0.00210770863676156,266
116,DEK,YBX1,0.0021659297990002466,267
653,SPI1,USF2,0.0021659297990002466,268
751,TCF4,CEBPD_negation,0.0021731095250525742,269
941,ZNF76,VDR_negation,0.002206396552964471,270
1102,FOXO1_negation,SMAD3_negation,0.002336416199716908,271
401,PAX5,SOX17,0.0023864359189163043,272
172,ELK1,ERG_negation,0.0023947721504283953,273
567,SMAD3,ERG_negation,0.0023947721504283953,274
973,ATF2_negation,FOXO1_negation,0.0026860892895624587,275
406,PAX5,TP53,0.002816287463864377,276
876,YBX1,YY1,0.002816287463864377,277
1055,CIITA_negation,ZBTB2_negation,0.002816287463864377,278
529,SF1,CIITA_negation,0.002816287463864377,279
829,USF2,ARNT_negation,0.002816287463864377,280
183,ELK1,WT1_negation,0.0028919865129907515,281
449,PKNOX1,YY1,0.0030633778841126897,282
785,TP53,FOXO1_negation,0.003827427789644528,283
524,SF1,ARNT_negation,0.003842084297330846,284
863,WT1,FOXO1_negation,0.0038656614263759765,285
1008,CEBPD_negation,E2F1_negation,0.004036493349275568,286
100,DEK,KLF2,0.004263184885117985,287
459,PKNOX1,ERG_negation,0.004263184885117985,288
460,PKNOX1,FOXO1_negation,0.004643750673121477,289
757,TCF4,FOXO1_negation,0.004985639131045266,290
1098,FOXO1_negation,KLF4_negation,0.006265182600136293,291
115,DEK,WT1,0.006271939909972356,292
666,SPI1,ERG_negation,0.006271939909972356,293
714,STAT6,USF2,0.006271939909972356,294
716,STAT6,YBX1,0.006298438011431824,295
377,KLF2,CEBPD_negation,0.006298438011431824,296
986,BCL6_negation,CEBPD_negation,0.006298438011431824,297
62,CREM,SPI1,0.006298438011431824,298
1072,E2F1_negation,FOXO1_negation,0.00666456905396081,299
745,TCF4,YBX1,0.006825696815790154,300
83,CREM,KLF4_negation,0.006825696815790154,301
897,YBX1,WT1_negation,0.006825696815790154,302
393,KLF2,WT1_negation,0.006825696815790154,303
1137,RELA_negation,WT1_negation,0.007176719823687275,304
161,ELK1,YBX1,0.007638489672541375,305
953,ARNT_negation,FOXO1_negation,0.007821229150192512,306
668,SPI1,KLF4_negation,0.00823567960769426,307
954,ARNT_negation,KLF4_negation,0.00823567960769426,308
481,RFX1,TP53,0.008450121178046282,309
879,YBX1,ATF2_negation,0.008450121178046282,310
1057,CREB3_negation,ERG_negation,0.008450121178046282,311
125,DEK,CREB3_negation,0.008667112474707533,312
256,ESR2,CIITA_negation,0.008667112474707533,313
1050,CIITA_negation,SPI1_negation,0.008788587457979287,314
655,SPI1,YBX1,0.008788587457979287,315
907,YY1,CREB3_negation,0.008788587457979287,316
504,RFX1,SPI1_negation,0.009204943447611743,317
71,CREM,YY1,0.009531900901561858,318
971,ATF2_negation,E2F1_negation,0.009531900901561858,319
670,SPI1,RELA_negation,0.009811737286335429,320
75,CREM,BCL6_negation,0.009811737286335429,321
1014,CEBPD_negation,RXRA_negation,0.009811737286335429,322
369,KLF2,USF2,0.009858560494483599,323
835,USF2,CREB3_negation,0.009858560494483599,324
542,SF1,VDR_negation,0.009903821230392656,325
311,FOS,VDR_negation,0.009903821230392656,326
1162,SPI1_negation,VDR_negation,0.010123125235690136,327
235,ESR2,RFX1,0.010123125235690136,328
458,PKNOX1,E2F1_negation,0.010123125235690136,329
479,RFX1,STAT6,0.011016600268533657,330
383,KLF2,FOXO1_negation,0.011988760238737503,331
386,KLF2,RELA_negation,0.011988760238737503,332
348,HOXA7,SMAD3_negation,0.012614332269714838,333
901,YY1,ARNT_negation,0.01334149395374541,334
334,HOXA7,ARNT_negation,0.01334149395374541,335
337,HOXA7,CEBPD_negation,0.01334149395374541,336
213,ERCC2,CIITA_negation,0.013850984942395311,337
35,CEBPE,FOXO1_negation,0.014533646589460571,338
64,CREM,STAT6,0.014631152545690689,339
478,RFX1,STAT3,0.014631152545690689,340
568,SMAD3,FOXO1_negation,0.01492166550453899,341
105,DEK,SMAD3,0.0157062727364626,342
957,ARNT_negation,RXRA_negation,0.015955347450915137,343
102,DEK,PKNOX1,0.015955347450915137,344
844,USF2,SP1_negation,0.015955347450915137,345
41,CEBPE,SP1_negation,0.016302354059010433,346
554,SMAD3,USF2,0.016302354059010433,347
952,ARNT_negation,ERG_negation,0.016302354059010433,348
562,SMAD3,CEBPD_negation,0.01653712044613367,349
884,YBX1,CREB3_negation,0.01653712044613367,350
719,STAT6,ARNT_negation,0.016562301915028717,351
650,SPI1,TCF4,0.016562301915028717,352
892,YBX1,SMAD3_negation,0.016791715204809866,353
728,STAT6,FOXO1_negation,0.017418283142277793,354
147,ELK1,PKNOX1,0.01874106130354006,355
556,SMAD3,YBX1,0.01874106130354006,356
859,WT1,CIITA_negation,0.021669477826127513,357
988,BCL6_negation,CIITA_negation,0.021669477826127513,358
1016,CEBPD_negation,SP1_negation,0.02233653336603848,359
920,YY1,WT1_negation,0.02297545838688389,360
689,STAT3,ARNT_negation,0.02323254051646531,361
274,FOS,KLF2,0.02323254051646531,362
190,ERCC2,PAX5,0.02323254051646531,363
903,YY1,BCL6_negation,0.023915542956733538,364
784,TP53,ERG_negation,0.025835735014002274,365
839,USF2,KLF4_negation,0.025835735014002274,366
773,TP53,YBX1,0.026353744618596058,367
135,DEK,SPI1_negation,0.026353744618596058,368
686,STAT3,YBX1,0.026353744618596058,369
708,STAT3,WT1_negation,0.027969398072827233,370
965,ARNT_negation,ZBTB2_negation,0.029177379224679313,371
908,YY1,E2F1_negation,0.02947276573840219,372
9,CEBPE,PKNOX1,0.02947276573840219,373
446,PKNOX1,USF2,0.032993124683832274,374
1022,CEBPD_negation,ZBTB2_negation,0.032993124683832274,375
276,FOS,PKNOX1,0.0341097679383182,376
983,ATF2_negation,WT1_negation,0.034937965826057314,377
296,FOS,CEBPD_negation,0.03687801028886261,378
477,RFX1,SPI1,0.03812172945624693,379
93,CREM,WWTR1_negation,0.03935759118458628,380
357,KLF2,PKNOX1,0.03935759118458628,381
923,ZNF76,ARNT_negation,0.040453678951343205,382
928,ZNF76,CIITA_negation,0.040453678951343205,383
437,PKNOX1,SMAD3,0.04133360140145282,384
1113,KLF4_negation,SMAD3_negation,0.04160726522187884,385
841,USF2,RELA_negation,0.04219952838096931,386
211,ERCC2,CEBPD_negation,0.04288288257000797,387
143,ELK1,FOS,0.04288288257000797,388
1047,CIITA_negation,RXRA_negation,0.04288288257000797,389
165,ELK1,ATF2_negation,0.043862412829722516,390
92,CREM,WT1_negation,0.044431806775556686,391
301,FOS,ERG_negation,0.04631663326653883,392
828,USF2,ZNF76,0.04631663326653883,393
24,CEBPE,YY1,0.04727130054420799,394
489,RFX1,ATF2_negation,0.04831516899952742,395
1118,KLF4_negation,WT1_negation,0.049181976233416295,396
178,ELK1,SMAD3_negation,0.04953362189233153,397
698,STAT3,FOXO1_negation,0.051500234608475255,398
1108,FOXO1_negation,WWTR1_negation,0.051500234608475255,399
170,ELK1,CREB3_negation,0.0517275091131974,400
916,YY1,SP1_negation,0.0517275091131974,401
508,RFX1,WWTR1_negation,0.05670695866971768,402
470,PKNOX1,WT1_negation,0.05670695866971768,403
372,KLF2,YY1,0.05670695866971768,404
164,ELK1,ARNT_negation,0.05791878278117786,405
109,DEK,STAT3,0.058567172620580935,406
342,HOXA7,ERG_negation,0.06014373305908069,407
463,PKNOX1,RELA_negation,0.06014373305908069,408
878,YBX1,ARNT_negation,0.06014373305908069,409
461,PKNOX1,KLF4_negation,0.06326565287628029,410
1013,CEBPD_negation,RELA_negation,0.06527320699203419,411
23,CEBPE,YBX1,0.06532249516924543,412
651,SPI1,TP53,0.06532249516924543,413
695,STAT3,CREB3_negation,0.06532249516924543,414
308,FOS,SP1_negation,0.06532249516924543,415
1068,CREB3_negation,WT1_negation,0.06642328345908723,416
915,YY1,SMAD3_negation,0.06791116887456422,417
669,SPI1,NFKB1_negation,0.06981275406766144,418
21,CEBPE,USF2,0.06996397770281537,419
293,FOS,ARNT_negation,0.07054807181959268,420
48,CREM,DEK,0.07054807181959268,421
26,CEBPE,ARNT_negation,0.07054807181959268,422
366,KLF2,TCF4,0.07104074442299835,423
341,HOXA7,E2F1_negation,0.0767025719462879,424
1082,E2F1_negation,WT1_negation,0.0767025719462879,425
443,PKNOX1,TCF4,0.07783879239295312,426
7,CEBPE,KLF2,0.07783879239295312,427
1077,E2F1_negation,SMAD3_negation,0.07823791543121178,428
36,CEBPE,KLF4_negation,0.07823791543121178,429
746,TCF4,YY1,0.0791392409576741,430
748,TCF4,ARNT_negation,0.07952933295415786,431
893,YBX1,SP1_negation,0.08083012231558212,432
441,PKNOX1,STAT3,0.08083012231558212,433
323,HOXA7,SPI1,0.08353043873475197,434
680,STAT3,STAT6,0.08353043873475197,435
885,YBX1,E2F1_negation,0.08353043873475197,436
331,HOXA7,YBX1,0.08750025190646928,437
1058,CREB3_negation,FOXO1_negation,0.08750074938199101,438
945,ARNT_negation,ATF2_negation,0.09017536505591693,439
538,SF1,SMAD3_negation,0.09185956846162252,440
10,CEBPE,RFX1,0.09277366096099253,441
140,DEK,ZBTB2_negation,0.09315731699122581,442
2,CEBPE,ELK1,0.09315731699122581,443
66,CREM,TP53,0.09315731699122581,444
31,CEBPE,CIITA_negation,0.09315731699122581,445
565,SMAD3,CREB3_negation,0.09836209970411931,446
15,CEBPE,SPI1,0.09836209970411931,447
358,KLF2,RFX1,0.10307975471439292,448
754,TCF4,CREB3_negation,0.10307975471439292,449
703,STAT3,SMAD3_negation,0.10611100200926352,450
862,WT1,ERG_negation,0.10631794126404931,451
782,TP53,CREB3_negation,0.10631794126404931,452
139,DEK,WWTR1_negation,0.10631794126404931,453
1089,ERG_negation,RXRA_negation,0.10631794126404931,454
240,ESR2,SPI1,0.10631794126404931,455
73,CREM,ARNT_negation,0.10720138953156477,456
130,DEK,NFKB1_negation,0.10720138953156477,457
725,STAT6,CREB3_negation,0.10720138953156477,458
902,YY1,ATF2_negation,0.10764685365937417,459
1012,CEBPD_negation,NFKB1_negation,0.10790146651090415,460
926,ZNF76,CEBPD_negation,0.11609048831281908,461
557,SMAD3,YY1,0.11741434272817715,462
621,SOX17,USF2,0.11825847757948246,463
246,ESR2,USF2,0.11825847757948246,464
846,USF2,TWIST2_negation,0.11825847757948246,465
519,SF1,USF2,0.11923277881066877,466
842,USF2,RXRA_negation,0.11923277881066877,467
302,FOS,FOXO1_negation,0.1216793949995798,468
774,TP53,YY1,0.1216793949995798,469
979,ATF2_negation,SP1_negation,0.1216793949995798,470
741,TCF4,TP53,0.12504581599865427,471
1093,ERG_negation,TWIST2_negation,0.12609709076612843,472
63,CREM,STAT3,0.12609709076612843,473
601,SMARCB1,ERG_negation,0.12609709076612843,474
734,STAT6,SP1_negation,0.12609709076612843,475
254,ESR2,CEBPD_negation,0.12609709076612843,476
1092,ERG_negation,SPI1_negation,0.12609709076612843,477
251,ESR2,ARNT_negation,0.1268555491048687,478
277,FOS,RFX1,0.1268555491048687,479
40,CEBPE,SMAD3_negation,0.12754122451012503,480
50,CREM,ERCC2,0.13747584205308652,481
466,PKNOX1,SP1_negation,0.13747584205308652,482
282,FOS,SPI1,0.14406386593980441,483
654,SPI1,WT1,0.14406386593980441,484
717,STAT6,YY1,0.145915155574033,485
649,SPI1,STAT6,0.14768227101863057,486
198,ERCC2,STAT3,0.14860798039335263,487
208,ERCC2,ARNT_negation,0.14860798039335263,488
840,USF2,NFKB1_negation,0.14860798039335263,489
457,PKNOX1,CREB3_negation,0.14860798039335263,490
448,PKNOX1,YBX1,0.14860798039335263,491
206,ERCC2,YY1,0.1490498852102198,492
758,TCF4,KLF4_negation,0.152763859747494,493
156,ELK1,TCF4,0.16347076626390925,494
1100,FOXO1_negation,RELA_negation,0.16347076626390925,495
851,WT1,YBX1,0.16361371195807842,496
527,SF1,CEBPD_negation,0.16361371195807842,497
738,STAT6,WT1_negation,0.1667284276621905,498
249,ESR2,YY1,0.1713073860456629,499
950,ARNT_negation,CREB3_negation,0.1713073860456629,500
1076,E2F1_negation,RXRA_negation,0.1713073860456629,501
796,TP53,WWTR1_negation,0.17234964388558793,502
790,TP53,SMAD3_negation,0.17234964388558793,503
888,YBX1,KLF4_negation,0.17446478626058068,504
154,ELK1,STAT3,0.17446478626058068,505
192,ERCC2,RFX1,0.17446478626058068,506
6,CEBPE,HOXA7,0.17446478626058068,507
970,ATF2_negation,CREB3_negation,0.17496890026148507,508
895,YBX1,TWIST2_negation,0.17496890026148507,509
701,STAT3,RELA_negation,0.17496890026148507,510
231,ESR2,HOXA7,0.17496890026148507,511
349,HOXA7,SP1_negation,0.17496890026148507,512
588,SMARCB1,USF2,0.17530268947835753,513
664,SPI1,CREB3_negation,0.17530268947835753,514
223,ERCC2,SP1_negation,0.17530268947835753,515
315,HOXA7,KLF2,0.17585431805115578,516
687,STAT3,YY1,0.17585431805115578,517
1158,SP1_negation,WT1_negation,0.17585431805115578,518
11,CEBPE,SF1,0.17585431805115578,519
465,PKNOX1,SMAD3_negation,0.17585431805115578,520
18,CEBPE,TCF4,0.1761941964780885,521
171,ELK1,E2F1_negation,0.18011061544542978,522
326,HOXA7,TCF4,0.18459332778987542,523
912,YY1,NFKB1_negation,0.1889952309315266,524
532,SF1,ERG_negation,0.19619968623572623,525
631,SOX17,CIITA_negation,0.19619968623572623,526
113,DEK,TP63,0.19619968623572623,527
261,ESR2,KLF4_negation,0.2010901141603181,528
155,ELK1,STAT6,0.2010901141603181,529
913,YY1,RELA_negation,0.20438567461372037,530
951,ARNT_negation,E2F1_negation,0.20438567461372037,531
327,HOXA7,TP53,0.20438567461372037,532
110,DEK,STAT6,0.20500550677938245,533
626,SOX17,ARNT_negation,0.20500550677938245,534
634,SOX17,ERG_negation,0.20500550677938245,535
849,USF2,WWTR1_negation,0.20527969905536483,536
382,KLF2,ERG_negation,0.20527969905536483,537
825,USF2,WT1,0.20527969905536483,538
779,TP53,CEBPD_negation,0.20823808520138337,539
28,CEBPE,BCL6_negation,0.20823808520138337,540
852,WT1,YY1,0.20848437550547053,541
590,SMARCB1,YBX1,0.20848437550547053,542
217,ERCC2,FOXO1_negation,0.20848437550547053,543
344,HOXA7,KLF4_negation,0.21090093327477802,544
1103,FOXO1_negation,SP1_negation,0.21825572974158727,545
317,HOXA7,PKNOX1,0.2293781486411485,546
921,YY1,WWTR1_negation,0.2293781486411485,547
303,FOS,KLF4_negation,0.2293781486411485,548
1105,FOXO1_negation,TWIST2_negation,0.23062163347460612,549
259,ESR2,ERG_negation,0.23815546007366387,550
673,SPI1,SP1_negation,0.23815546007366387,551
329,HOXA7,USF2,0.23815546007366387,552
82,CREM,FOXO1_negation,0.23975258802528915,553
675,SPI1,TWIST2_negation,0.24422760277254157,554
1148,SMAD3_negation,SP1_negation,0.24422760277254157,555
1091,ERG_negation,SP1_negation,0.24772087085815894,556
230,ESR2,FOS,0.24772087085815894,557
648,SPI1,STAT3,0.24772087085815894,558
447,PKNOX1,WT1,0.24772991243935608,559
665,SPI1,E2F1_negation,0.24946192371008385,560
660,SPI1,BCL6_negation,0.24946192371008385,561
291,FOS,YY1,0.2517705532526092,562
384,KLF2,KLF4_negation,0.25912935731931575,563
699,STAT3,KLF4_negation,0.25912935731931575,564
482,RFX1,TP63,0.25912935731931575,565
1154,SMAD3_negation,ZBTB2_negation,0.2635250050713994,566
353,HOXA7,WT1_negation,0.2635250050713994,567
67,CREM,TP63,0.2666172134836345,568
412,PAX5,ZNF76,0.27419239366996,569
273,FOS,HOXA7,0.27419239366996,570
499,RFX1,NFKB1_negation,0.27419239366996,571
474,RFX1,SMAD3,0.28088446239228737,572
1017,CEBPD_negation,SPI1_negation,0.28088446239228737,573
980,ATF2_negation,SPI1_negation,0.28177300956576623,574
582,SMARCB1,SPI1,0.28177300956576623,575
263,ESR2,RELA_negation,0.28177300956576623,576
857,WT1,CEBPD_negation,0.2891963310393733,577
891,YBX1,RXRA_negation,0.2891963310393733,578
629,SOX17,CEBPD_negation,0.2891963310393733,579
197,ERCC2,SPI1,0.2891963310393733,580
1149,SMAD3_negation,SPI1_negation,0.290122112117051,581
771,TP53,USF2,0.2954901799570873,582
798,TP63,USF2,0.2954901799570873,583
1133,RELA_negation,SP1_negation,0.2961227910673701,584
346,HOXA7,RELA_negation,0.2961227910673701,585
267,ESR2,SPI1_negation,0.2961227910673701,586
49,CREM,ELK1,0.2961227910673701,587
295,FOS,BCL6_negation,0.2961227910673701,588
641,SOX17,SP1_negation,0.2961227910673701,589
711,STAT6,TCF4,0.2997920872840996,590
462,PKNOX1,NFKB1_negation,0.2997920872840996,591
501,RFX1,RXRA_negation,0.2997920872840996,592
314,FOS,ZBTB2_negation,0.2997920872840996,593
270,ESR2,WT1_negation,0.300501549922325,594
451,PKNOX1,ARNT_negation,0.3017758842323568,595
964,ARNT_negation,WWTR1_negation,0.3017758842323568,596
467,PKNOX1,SPI1_negation,0.3017758842323568,597
697,STAT3,ERG_negation,0.304074219478426,598
685,STAT3,WT1,0.304074219478426,599
335,HOXA7,ATF2_negation,0.3075462502795341,600
3,CEBPE,ERCC2,0.3099516938953255,601
1002,BCL6_negation,WT1_negation,0.3099516938953255,602
548,SMAD3,SPI1,0.3099516938953255,603
1063,CREB3_negation,SMAD3_negation,0.3099516938953255,604
72,CREM,ZNF76,0.3099516938953255,605
681,STAT3,TCF4,0.3206704670189948,606
189,ERCC2,KLF2,0.3206704670189948,607
174,ELK1,KLF4_negation,0.3233148502720097,608
749,TCF4,ATF2_negation,0.3233148502720097,609
1056,CREB3_negation,E2F1_negation,0.3320316175808207,610
484,RFX1,WT1,0.3320316175808207,611
236,ESR2,SF1,0.3320316175808207,612
914,YY1,RXRA_negation,0.3339581549036649,613
602,SMARCB1,FOXO1_negation,0.3347823602226316,614
1104,FOXO1_negation,SPI1_negation,0.3419194666504857,615
141,ELK1,ERCC2,0.344128716075373,616
890,YBX1,RELA_negation,0.344128716075373,617
22,CEBPE,WT1,0.344128716075373,618
678,SPI1,WWTR1_negation,0.344128716075373,619
310,FOS,TWIST2_negation,0.344128716075373,620
1145,RXRA_negation,WT1_negation,0.3466703092975825,621
260,ESR2,FOXO1_negation,0.3548720498051581,622
289,FOS,WT1,0.35704075314203143,623
85,CREM,RELA_negation,0.35704075314203143,624
989,BCL6_negation,CREB3_negation,0.35704075314203143,625
4,CEBPE,ESR2,0.35704075314203143,626
812,TP63,FOXO1_negation,0.35972298675804043,627
0,CEBPE,CREM,0.3604624018695537,628
145,ELK1,KLF2,0.3604624018695537,629
265,ESR2,SMAD3_negation,0.364135360460467,630
452,PKNOX1,ATF2_negation,0.368818156991186,631
298,FOS,CIITA_negation,0.37070260765767915,632
521,SF1,YBX1,0.37070260765767915,633
388,KLF2,SMAD3_negation,0.3734176669251412,634
59,CREM,SMAD3,0.37563652654876106,635
761,TCF4,RXRA_negation,0.3839858957924018,636
81,CREM,ERG_negation,0.38410603114606073,637
88,CREM,SP1_negation,0.38410603114606073,638
203,ERCC2,USF2,0.3856833667335994,639
684,STAT3,USF2,0.3856833667335994,640
854,WT1,ARNT_negation,0.3856833667335994,641
80,CREM,E2F1_negation,0.3856833667335994,642
509,RFX1,ZBTB2_negation,0.3881305970800609,643
1132,RELA_negation,SMAD3_negation,0.3901012967645317,644
376,KLF2,BCL6_negation,0.39266108424466895,645
712,STAT6,TP53,0.39266108424466895,646
531,SF1,E2F1_negation,0.39266108424466895,647
1062,CREB3_negation,RXRA_negation,0.39266108424466895,648
671,SPI1,RXRA_negation,0.39266108424466895,649
978,ATF2_negation,SMAD3_negation,0.39990759162047956,650
201,ERCC2,TP53,0.40069900648414014,651
307,FOS,SMAD3_negation,0.40069900648414014,652
679,SPI1,ZBTB2_negation,0.4040752711714432,653
770,TP53,TP63,0.405281780358013,654
898,YBX1,WWTR1_negation,0.41232629727399855,655
389,KLF2,SP1_negation,0.41232629727399855,656
33,CEBPE,E2F1_negation,0.41232629727399855,657
768,TCF4,WWTR1_negation,0.4194395011407893,658
776,TP53,ARNT_negation,0.4194395011407893,659
187,ERCC2,FOS,0.4194395011407893,660
959,ARNT_negation,SP1_negation,0.4194395011407893,661
52,CREM,FOS,0.4194395011407893,662
227,ERCC2,WT1_negation,0.4194395011407893,663
596,SMARCB1,CEBPD_negation,0.4194395011407893,664
1018,CEBPD_negation,TWIST2_negation,0.4194395011407893,665
453,PKNOX1,BCL6_negation,0.4194395011407893,666
1073,E2F1_negation,KLF4_negation,0.4207392504460687,667
764,TCF4,SPI1_negation,0.42154387413116173,668
1163,SPI1_negation,WT1_negation,0.42154387413116173,669
47,CEBPE,ZBTB2_negation,0.4216450141701641,670
1116,KLF4_negation,TWIST2_negation,0.4216450141701641,671
1088,ERG_negation,RELA_negation,0.4361412031908974,672
534,SF1,KLF4_negation,0.43729796188013637,673
543,SF1,WT1_negation,0.44095111056117975,674
442,PKNOX1,STAT6,0.44095111056117975,675
783,TP53,E2F1_negation,0.44095111056117975,676
45,CEBPE,WT1_negation,0.44095111056117975,677
473,RFX1,SF1,0.44095111056117975,678
696,STAT3,E2F1_negation,0.44097147484642246,679
258,ESR2,E2F1_negation,0.44097147484642246,680
360,KLF2,SMAD3,0.45900596239206665,681
181,ELK1,TWIST2_negation,0.45900596239206665,682
151,ELK1,SMARCB1,0.45900596239206665,683
710,STAT3,ZBTB2_negation,0.4629131300592211,684
312,FOS,WT1_negation,0.4629131300592211,685
381,KLF2,E2F1_negation,0.4629131300592211,686
215,ERCC2,E2F1_negation,0.46661442179514284,687
364,KLF2,STAT3,0.46661442179514284,688
1061,CREB3_negation,RELA_negation,0.46661442179514284,689
1153,SMAD3_negation,WWTR1_negation,0.4746364144875463,690
505,RFX1,TWIST2_negation,0.4808204982426329,691
690,STAT3,ATF2_negation,0.4808204982426329,692
874,WT1,WWTR1_negation,0.48840120728655695,693
615,SOX17,SPI1,0.48840120728655695,694
1066,CREB3_negation,TWIST2_negation,0.48840120728655695,695
86,CREM,RXRA_negation,0.48840120728655695,696
733,STAT6,SMAD3_negation,0.48848252098825945,697
150,ELK1,SMAD3,0.4919294139485312,698
87,CREM,SMAD3_negation,0.49605716461059335,699
243,ESR2,TCF4,0.49605716461059335,700
157,ELK1,TP53,0.49605716461059335,701
860,WT1,CREB3_negation,0.4989479806355275,702
869,WT1,SP1_negation,0.4989479806355275,703
374,KLF2,ARNT_negation,0.4989479806355275,704
993,BCL6_negation,KLF4_negation,0.5009664693648287,705
340,HOXA7,CREB3_negation,0.505585928971128,706
864,WT1,KLF4_negation,0.5094067139111781,707
966,ATF2_negation,BCL6_negation,0.5094067139111781,708
1101,FOXO1_negation,RXRA_negation,0.5094067139111781,709
476,RFX1,SOX17,0.5094067139111781,710
433,PAX5,WWTR1_negation,0.5189086606950941,711
288,FOS,USF2,0.5189086606950941,712
831,USF2,BCL6_negation,0.5189086606950941,713
234,ESR2,PKNOX1,0.5190733850962552,714
90,CREM,TWIST2_negation,0.5190733850962552,715
946,ARNT_negation,BCL6_negation,0.5190733850962552,716
58,CREM,SF1,0.5190733850962552,717
522,SF1,YY1,0.5199476366847752,718
281,FOS,SOX17,0.5199476366847752,719
760,TCF4,RELA_negation,0.5213581935782076,720
917,YY1,SPI1_negation,0.5324111667875271,721
1167,TWIST2_negation,WT1_negation,0.5324111667875271,722
179,ELK1,SP1_negation,0.5324111667875271,723
974,ATF2_negation,KLF4_negation,0.5337035062024788,724
880,YBX1,BCL6_negation,0.5343922630818582,725
43,CEBPE,TWIST2_negation,0.5343922630818582,726
593,SMARCB1,ARNT_negation,0.5343922630818582,727
599,SMARCB1,CREB3_negation,0.5343922630818582,728
278,FOS,SF1,0.5343922630818582,729
763,TCF4,SP1_negation,0.5343922630818582,730
961,ARNT_negation,TWIST2_negation,0.5343922630818582,731
70,CREM,YBX1,0.5441180037261046,732
299,FOS,CREB3_negation,0.5441180037261046,733
79,CREM,CREB3_negation,0.5441180037261046,734
290,FOS,YBX1,0.5441180037261046,735
1096,ERG_negation,WWTR1_negation,0.5441180037261046,736
1159,SP1_negation,WWTR1_negation,0.5441180037261046,737
32,CEBPE,CREB3_negation,0.5441180037261046,738
715,STAT6,WT1,0.5470497938574458,739
144,ELK1,HOXA7,0.5580169241345494,740
69,CREM,WT1,0.5580996095564209,741
56,CREM,PKNOX1,0.5580996095564209,742
1111,KLF4_negation,RELA_negation,0.5628977762528136,743
578,SMAD3,WT1_negation,0.5628977762528136,744
533,SF1,FOXO1_negation,0.567814172474774,745
755,TCF4,E2F1_negation,0.567814172474774,746
60,CREM,SMARCB1,0.5690575762445526,747
772,TP53,WT1,0.5690575762445526,748
632,SOX17,CREB3_negation,0.5690575762445526,749
38,CEBPE,RELA_negation,0.5690575762445526,750
1140,RXRA_negation,SMAD3_negation,0.5767530602063518,751
280,FOS,SMARCB1,0.578491078785817,752
513,SF1,SPI1,0.578491078785817,753
177,ELK1,RXRA_negation,0.578491078785817,754
960,ARNT_negation,SPI1_negation,0.578491078785817,755
200,ERCC2,TCF4,0.578491078785817,756
232,ESR2,KLF2,0.578491078785817,757
285,FOS,TCF4,0.578491078785817,758
163,ELK1,ZNF76,0.5869636449590622,759
188,ERCC2,HOXA7,0.5947596683661872,760
566,SMAD3,E2F1_negation,0.6001415097231468,761
576,SMAD3,TWIST2_negation,0.6020472732224192,762
14,CEBPE,SOX17,0.6020472732224192,763
1119,KLF4_negation,WWTR1_negation,0.6089360872255942,764
96,DEK,ERCC2,0.6127019420826019,765
132,DEK,RXRA_negation,0.6127019420826019,766
1064,CREB3_negation,SP1_negation,0.6129338431239008,767
300,FOS,E2F1_negation,0.6129338431239008,768
220,ERCC2,RELA_negation,0.6129338431239008,769
436,PKNOX1,SF1,0.6129338431239008,770
922,YY1,ZBTB2_negation,0.6155025212751117,771
603,SMARCB1,KLF4_negation,0.6155025212751117,772
1165,SPI1_negation,ZBTB2_negation,0.616096640777825,773
800,TP63,YBX1,0.616096640777825,774
803,TP63,ARNT_negation,0.616096640777825,775
84,CREM,NFKB1_negation,0.616096640777825,776
866,WT1,RELA_negation,0.6203467571133282,777
247,ESR2,WT1,0.6234516479080172,778
845,USF2,SPI1_negation,0.6234516479080172,779
284,FOS,STAT6,0.6250538713234608,780
994,BCL6_negation,NFKB1_negation,0.6250538713234608,781
1122,NFKB1_negation,RXRA_negation,0.6250538713234608,782
5,CEBPE,FOS,0.6279106757523059,783
222,ERCC2,SMAD3_negation,0.6299550736191515,784
1174,WT1_negation,ZBTB2_negation,0.6399098614007096,785
729,STAT6,KLF4_negation,0.6546725729577154,786
391,KLF2,TWIST2_negation,0.6597051638768948,787
1078,E2F1_negation,SP1_negation,0.6597051638768948,788
930,ZNF76,E2F1_negation,0.6597051638768948,789
385,KLF2,NFKB1_negation,0.6597051638768948,790
1155,SP1_negation,SPI1_negation,0.6597051638768948,791
468,PKNOX1,TWIST2_negation,0.6598779322607624,792
1,CEBPE,DEK,0.6598779322607624,793
16,CEBPE,STAT3,0.6598779322607624,794
204,ERCC2,WT1,0.6598779322607624,795
365,KLF2,STAT6,0.6611122145942966,796
305,FOS,RELA_negation,0.6630857295866062,797
439,PKNOX1,SOX17,0.6634295508708876,798
777,TP53,ATF2_negation,0.6634295508708876,799
1128,NFKB1_negation,WT1_negation,0.6663076900613941,800
612,SMARCB1,WT1_negation,0.6663076900613941,801
624,SOX17,YY1,0.6695477783569793,802
635,SOX17,FOXO1_negation,0.676676115653049,803
550,SMAD3,STAT6,0.6804377028817988,804
918,YY1,TWIST2_negation,0.6949917132924113,805
726,STAT6,E2F1_negation,0.6949917132924113,806
17,CEBPE,STAT6,0.6950546780634025,807
652,SPI1,TP63,0.6964002198065933,808
37,CEBPE,NFKB1_negation,0.6964002198065933,809
394,KLF2,WWTR1_negation,0.6964002198065933,810
795,TP53,WT1_negation,0.6964002198065933,811
390,KLF2,SPI1_negation,0.7002253969610973,812
1003,BCL6_negation,WWTR1_negation,0.7002253969610973,813
191,ERCC2,PKNOX1,0.7002253969610973,814
870,WT1,SPI1_negation,0.7002253969610973,815
53,CREM,HOXA7,0.7002253969610973,816
1097,ERG_negation,ZBTB2_negation,0.7084252621535324,817
618,SOX17,TCF4,0.724151323954339,818
732,STAT6,RXRA_negation,0.724151323954339,819
347,HOXA7,RXRA_negation,0.724151323954339,820
992,BCL6_negation,FOXO1_negation,0.7244467457346428,821
997,BCL6_negation,SMAD3_negation,0.724744129367481,822
475,RFX1,SMARCB1,0.724744129367481,823
786,TP53,KLF4_negation,0.724744129367481,824
976,ATF2_negation,RELA_negation,0.724744129367481,825
801,TP63,YY1,0.7253889777816847,826
1069,CREB3_negation,WWTR1_negation,0.7258819029103538,827
42,CEBPE,SPI1_negation,0.7258819029103538,828
309,FOS,SPI1_negation,0.7258819029103538,829
515,SF1,STAT6,0.7266012800210528,830
1074,E2F1_negation,NFKB1_negation,0.7266012800210528,831
861,WT1,E2F1_negation,0.7303434984316486,832
799,TP63,WT1,0.7303434984316486,833
193,ERCC2,SF1,0.7303434984316486,834
736,STAT6,TWIST2_negation,0.7303434984316486,835
142,ELK1,ESR2,0.7370772044891961,836
304,FOS,NFKB1_negation,0.7370772044891961,837
735,STAT6,SPI1_negation,0.7370772044891961,838
253,ESR2,BCL6_negation,0.7490006643804878,839
149,ELK1,SF1,0.7490006643804878,840
283,FOS,STAT3,0.7490006643804878,841
65,CREM,TCF4,0.7490006643804878,842
332,HOXA7,YY1,0.7504862352066384,843
546,SMAD3,SMARCB1,0.7504862352066384,844
643,SOX17,TWIST2_negation,0.7524498710775451,845
1079,E2F1_negation,SPI1_negation,0.7524498710775451,846
591,SMARCB1,YY1,0.7558994159443483,847
1143,RXRA_negation,TWIST2_negation,0.7558994159443483,848
995,BCL6_negation,RELA_negation,0.7615130317950197,849
750,TCF4,BCL6_negation,0.7615130317950197,850
13,CEBPE,SMARCB1,0.7615130317950197,851
472,PKNOX1,ZBTB2_negation,0.7615130317950197,852
659,SPI1,ATF2_negation,0.7615130317950197,853
850,USF2,ZBTB2_negation,0.769709211646267,854
868,WT1,SMAD3_negation,0.769709211646267,855
559,SMAD3,ARNT_negation,0.769709211646267,856
407,PAX5,TP63,0.769709211646267,857
380,KLF2,CREB3_negation,0.769709211646267,858
184,ELK1,WWTR1_negation,0.7704637572692181,859
242,ESR2,STAT6,0.7704637572692181,860
526,SF1,BCL6_negation,0.7704637572692181,861
682,STAT3,TP53,0.7712686873659069,862
19,CEBPE,TP53,0.7712686873659069,863
1021,CEBPD_negation,WWTR1_negation,0.7712686873659069,864
571,SMAD3,RELA_negation,0.773149041311376,865
560,SMAD3,ATF2_negation,0.7750587627188514,866
180,ELK1,SPI1_negation,0.7750587627188514,867
194,ERCC2,SMAD3,0.7828874893002042,868
894,YBX1,SPI1_negation,0.7849892820069158,869
939,ZNF76,SPI1_negation,0.7849892820069158,870
98,DEK,FOS,0.7849892820069158,871
789,TP53,RXRA_negation,0.7849892820069158,872
1110,KLF4_negation,NFKB1_negation,0.7951265254641878,873
942,ZNF76,WT1_negation,0.7978719485275257,874
438,PKNOX1,SMARCB1,0.8004871573002657,875
709,STAT3,WWTR1_negation,0.8100267015129872,876
89,CREM,SPI1_negation,0.8100267015129872,877
818,TP63,SP1_negation,0.8100267015129872,878
811,TP63,ERG_negation,0.8100267015129872,879
1109,FOXO1_negation,ZBTB2_negation,0.8115116894008747,880
855,WT1,ATF2_negation,0.8157079853533401,881
584,SMARCB1,STAT6,0.8157079853533401,882
39,CEBPE,RXRA_negation,0.8157079853533401,883
368,KLF2,TP63,0.8157079853533401,884
361,KLF2,SMARCB1,0.8157079853533401,885
94,CREM,ZBTB2_negation,0.8157079853533401,886
704,STAT3,SP1_negation,0.81665665223743,887
545,SF1,ZBTB2_negation,0.8189500655477905,888
27,CEBPE,ATF2_negation,0.8189500655477905,889
375,KLF2,ATF2_negation,0.8189500655477905,890
224,ERCC2,SPI1_negation,0.8200561856181003,891
371,KLF2,YBX1,0.8200561856181003,892
205,ERCC2,YBX1,0.8200561856181003,893
1087,ERG_negation,NFKB1_negation,0.8200561856181003,894
931,ZNF76,ERG_negation,0.8200561856181003,895
925,ZNF76,BCL6_negation,0.8236677377622064,896
549,SMAD3,STAT3,0.8236677377622064,897
351,HOXA7,TWIST2_negation,0.8236677377622064,898
514,SF1,STAT3,0.8273027750952198,899
350,HOXA7,SPI1_negation,0.8273027750952198,900
306,FOS,RXRA_negation,0.8273027750952198,901
955,ARNT_negation,NFKB1_negation,0.8273027750952198,902
330,HOXA7,WT1,0.8301125741915133,903
319,HOXA7,SF1,0.8301125741915133,904
175,ELK1,NFKB1_negation,0.8383353619198597,905
1121,NFKB1_negation,RELA_negation,0.8389226530571788,906
46,CEBPE,WWTR1_negation,0.8389226530571788,907
266,ESR2,SP1_negation,0.8428755112444636,908
51,CREM,ESR2,0.8428755112444636,909
444,PKNOX1,TP53,0.8428755112444636,910
517,SF1,TP53,0.8428755112444636,911
572,SMAD3,RXRA_negation,0.8435710205241167,912
1083,E2F1_negation,WWTR1_negation,0.8443234851745267,913
1138,RELA_negation,WWTR1_negation,0.8443234851745267,914
264,ESR2,RXRA_negation,0.8443234851745267,915
219,ERCC2,NFKB1_negation,0.8443234851745267,916
1156,SP1_negation,TWIST2_negation,0.8443234851745267,917
1168,TWIST2_negation,WWTR1_negation,0.8443234851745267,918
608,SMARCB1,SP1_negation,0.8443234851745267,919
228,ERCC2,WWTR1_negation,0.8484715503876907,920
185,ELK1,ZBTB2_negation,0.8505064667380913,921
354,HOXA7,WWTR1_negation,0.8505064667380913,922
744,TCF4,WT1,0.851103239692897,923
166,ELK1,BCL6_negation,0.851103239692897,924
856,WT1,BCL6_negation,0.851103239692897,925
322,HOXA7,SOX17,0.8517723907923797,926
769,TCF4,ZBTB2_negation,0.8517723907923797,927
817,TP63,SMAD3_negation,0.8517723907923797,928
539,SF1,SP1_negation,0.8594759258886353,929
214,ERCC2,CREB3_negation,0.8594759258886353,930
1114,KLF4_negation,SP1_negation,0.8597229073230553,931
1059,CREB3_negation,KLF4_negation,0.8597229073230553,932
279,FOS,SMAD3,0.8597229073230553,933
325,HOXA7,STAT6,0.8616708398914413,934
252,ESR2,ATF2_negation,0.867699973642599,935
996,BCL6_negation,RXRA_negation,0.868339833210776,936
623,SOX17,YBX1,0.868339833210776,937
218,ERCC2,KLF4_negation,0.8688920784243821,938
606,SMARCB1,RXRA_negation,0.8688920784243821,939
809,TP63,CREB3_negation,0.87053547765358,940
248,ESR2,YBX1,0.87053547765358,941
1141,RXRA_negation,SP1_negation,0.87053547765358,942
791,TP53,SP1_negation,0.87053547765358,943
1135,RELA_negation,TWIST2_negation,0.8721049338255931,944
324,HOXA7,STAT3,0.8721049338255931,945
544,SF1,WWTR1_negation,0.8721049338255931,946
956,ARNT_negation,RELA_negation,0.8721049338255931,947
645,SOX17,WT1_negation,0.8780569085454308,948
450,PKNOX1,ZNF76,0.878262816497776,949
552,SMAD3,TP53,0.878262816497776,950
823,TP63,WWTR1_negation,0.8799682808282079,951
12,CEBPE,SMAD3,0.8853892034324308,952
525,SF1,ATF2_negation,0.8853892034324308,953
1169,TWIST2_negation,ZBTB2_negation,0.8853892034324308,954
1120,KLF4_negation,ZBTB2_negation,0.8884710097309252,955
721,STAT6,BCL6_negation,0.8890655114292002,956
359,KLF2,SF1,0.8890655114292002,957
107,DEK,SOX17,0.8903226738643438,958
991,BCL6_negation,ERG_negation,0.8903226738643438,959
1004,BCL6_negation,ZBTB2_negation,0.8905369174970144,960
176,ELK1,RELA_negation,0.892827822233708,961
998,BCL6_negation,SP1_negation,0.8936940798674871,962
778,TP53,BCL6_negation,0.8936940798674871,963
471,PKNOX1,WWTR1_negation,0.8936940798674871,964
1065,CREB3_negation,SPI1_negation,0.8936940798674871,965
536,SF1,RELA_negation,0.8936940798674871,966
271,ESR2,WWTR1_negation,0.8936940798674871,967
362,KLF2,SOX17,0.8947068384289238,968
516,SF1,TCF4,0.8947068384289238,969
555,SMAD3,WT1,0.8954833469055072,970
373,KLF2,ZNF76,0.9001254703221739,971
561,SMAD3,BCL6_negation,0.9001254703221739,972
1150,SMAD3_negation,TWIST2_negation,0.9001254703221739,973
742,TCF4,TP63,0.9001254703221739,974
202,ERCC2,TP63,0.9035695532150382,975
636,SOX17,KLF4_negation,0.9035695532150382,976
321,HOXA7,SMARCB1,0.9060879324078395,977
747,TCF4,ZNF76,0.9060879324078395,978
74,CREM,ATF2_negation,0.9066321005265612,979
871,WT1,TWIST2_negation,0.9066321005265612,980
605,SMARCB1,RELA_negation,0.9066321005265612,981
1139,RELA_negation,ZBTB2_negation,0.9066321005265612,982
160,ELK1,WT1,0.9068557745536343,983
367,KLF2,TP53,0.9068557745536343,984
1160,SP1_negation,ZBTB2_negation,0.9068557745536343,985
1080,E2F1_negation,TWIST2_negation,0.9068557745536343,986
487,RFX1,ZNF76,0.9122220755145543,987
702,STAT3,RXRA_negation,0.9129865352661823,988
706,STAT3,TWIST2_negation,0.9129865352661823,989
225,ERCC2,TWIST2_negation,0.9129865352661823,990
899,YBX1,ZBTB2_negation,0.9129865352661823,991
370,KLF2,WT1,0.9129865352661823,992
793,TP53,TWIST2_negation,0.9129865352661823,993
1075,E2F1_negation,RELA_negation,0.9132325101895111,994
929,ZNF76,CREB3_negation,0.9144472181058483,995
877,YBX1,ZNF76,0.9144472181058483,996
136,DEK,TWIST2_negation,0.9144472181058483,997
237,ESR2,SMAD3,0.9144472181058483,998
540,SF1,SPI1_negation,0.9144472181058483,999
199,ERCC2,STAT6,0.9206204259387187,1000
688,STAT3,ZNF76,0.9206204259387187,1001
1084,E2F1_negation,ZBTB2_negation,0.9206204259387187,1002
464,PKNOX1,RXRA_negation,0.9220512913039528,1003
813,TP63,KLF4_negation,0.9280778424426815,1004
581,SMARCB1,SOX17,0.9285060516200164,1005
705,STAT3,SPI1_negation,0.928986191922792,1006
806,TP63,CEBPD_negation,0.928986191922792,1007
792,TP53,SPI1_negation,0.928986191922792,1008
788,TP53,RELA_negation,0.928986191922792,1009
118,DEK,ZNF76,0.928986191922792,1010
210,ERCC2,BCL6_negation,0.928986191922792,1011
262,ESR2,NFKB1_negation,0.928986191922792,1012
937,ZNF76,SMAD3_negation,0.9325806361292942,1013
622,SOX17,WT1,0.9327237996987727,1014
294,FOS,ATF2_negation,0.9331524687844719,1015
106,DEK,SMARCB1,0.9333037496254075,1016
241,ESR2,STAT3,0.9333037496254075,1017
691,STAT3,BCL6_negation,0.9333037496254075,1018
797,TP53,ZBTB2_negation,0.9349715435142896,1019
272,ESR2,ZBTB2_negation,0.9349715435142896,1020
61,CREM,SOX17,0.9349715435142896,1021
313,FOS,WWTR1_negation,0.9349715435142896,1022
614,SMARCB1,ZBTB2_negation,0.935086853371683,1023
551,SMAD3,TCF4,0.935086853371683,1024
740,STAT6,ZBTB2_negation,0.93787914441602,1025
900,YY1,ZNF76,0.941148028256253,1026
586,SMARCB1,TP53,0.9422014318857996,1027
20,CEBPE,TP63,0.9428888915662195,1028
574,SMAD3,SP1_negation,0.9428888915662195,1029
932,ZNF76,FOXO1_negation,0.9428888915662195,1030
579,SMAD3,WWTR1_negation,0.9428888915662195,1031
730,STAT6,NFKB1_negation,0.9428888915662195,1032
589,SMARCB1,WT1,0.9431524986094874,1033
152,ELK1,SOX17,0.9431524986094874,1034
387,KLF2,RXRA_negation,0.9431524986094874,1035
805,TP63,BCL6_negation,0.9431524986094874,1036
990,BCL6_negation,E2F1_negation,0.9459108874907275,1037
600,SMARCB1,E2F1_negation,0.9459108874907275,1038
775,TP53,ZNF76,0.9459108874907275,1039
720,STAT6,ATF2_negation,0.9487588084808429,1040
975,ATF2_negation,NFKB1_negation,0.9513447280568044,1041
158,ELK1,TP63,0.952102799590375,1042
616,SOX17,STAT3,0.9530767592982343,1043
245,ESR2,TP63,0.9530767592982343,1044
583,SMARCB1,STAT3,0.9530767592982343,1045
683,STAT3,TP63,0.9530767592982343,1046
613,SMARCB1,WWTR1_negation,0.9551366316991483,1047
815,TP63,RELA_negation,0.9551366316991483,1048
759,TCF4,NFKB1_negation,0.9588618708909662,1049
1123,NFKB1_negation,SMAD3_negation,0.9597555944124609,1050
628,SOX17,BCL6_negation,0.9597555944124609,1051
1112,KLF4_negation,RXRA_negation,0.9598902097370539,1052
810,TP63,E2F1_negation,0.9628885974030588,1053
607,SMARCB1,SMAD3_negation,0.9648497594736783,1054
569,SMAD3,KLF4_negation,0.9655219701708168,1055
889,YBX1,NFKB1_negation,0.9685086296999503,1056
999,BCL6_negation,SPI1_negation,0.969289528158391,1057
520,SF1,WT1,0.969289528158391,1058
537,SF1,RXRA_negation,0.9693797316575716,1059
575,SMAD3,SPI1_negation,0.970041717738821,1060
637,SOX17,NFKB1_negation,0.9718122410514589,1061
336,HOXA7,BCL6_negation,0.9747974322939349,1062
731,STAT6,RELA_negation,0.9747974322939349,1063
935,ZNF76,RELA_negation,0.9747974322939349,1064
287,FOS,TP63,0.9747974322939349,1065
395,KLF2,ZBTB2_negation,0.9747974322939349,1066
657,SPI1,ZNF76,0.9747974322939349,1067
229,ERCC2,ZBTB2_negation,0.9750398704163703,1068
445,PKNOX1,TP63,0.9752355999307173,1069
642,SOX17,SPI1_negation,0.9752355999307173,1070
541,SF1,TWIST2_negation,0.9752355999307173,1071
195,ERCC2,SMARCB1,0.9752355999307173,1072
186,ERCC2,ESR2,0.9755067119892152,1073
244,ESR2,TP53,0.9755067119892152,1074
933,ZNF76,KLF4_negation,0.9762108872664333,1075
875,WT1,ZBTB2_negation,0.9764982740535411,1076
610,SMARCB1,TWIST2_negation,0.9766988262608663,1077
1099,FOXO1_negation,NFKB1_negation,0.9783969790421493,1078
333,HOXA7,ZNF76,0.9783969790421493,1079
1115,KLF4_negation,SPI1_negation,0.9790075997640886,1080
633,SOX17,E2F1_negation,0.9793053215003689,1081
1146,RXRA_negation,WWTR1_negation,0.9793053215003689,1082
1124,NFKB1_negation,SP1_negation,0.9793053215003689,1083
820,TP63,TWIST2_negation,0.9793053215003689,1084
619,SOX17,TP53,0.9800705370784518,1085
535,SF1,NFKB1_negation,0.9800705370784518,1086
1175,WWTR1_negation,ZBTB2_negation,0.9804523190519828,1087
1060,CREB3_negation,NFKB1_negation,0.980960887463573,1088
1070,CREB3_negation,ZBTB2_negation,0.980960887463573,1089
257,ESR2,CREB3_negation,0.980960887463573,1090
1173,WT1_negation,WWTR1_negation,0.983045268695881,1091
765,TCF4,TWIST2_negation,0.9830948457226651,1092
518,SF1,TP63,0.9837789008803232,1093
221,ERCC2,RXRA_negation,0.9837789008803232,1094
1164,SPI1_negation,WWTR1_negation,0.9852092844763835,1095
940,ZNF76,TWIST2_negation,0.98656969376936,1096
934,ZNF76,NFKB1_negation,0.98656969376936,1097
355,HOXA7,ZBTB2_negation,0.9867313108102409,1098
570,SMAD3,NFKB1_negation,0.9867751984678108,1099
640,SOX17,SMAD3_negation,0.9876842943666551,1100
638,SOX17,RELA_negation,0.9897279503604381,1101
328,HOXA7,TP63,0.9908364582110031,1102
739,STAT6,WWTR1_negation,0.9917925159722023,1103
787,TP53,NFKB1_negation,0.9917925159722023,1104
585,SMARCB1,TCF4,0.9921678600960818,1105
1134,RELA_negation,SPI1_negation,0.9924749888012618,1106
943,ZNF76,WWTR1_negation,0.9929156005145536,1107
700,STAT3,NFKB1_negation,0.9930902610417244,1108
647,SOX17,ZBTB2_negation,0.993284800847332,1109
250,ESR2,ZNF76,0.993452722217274,1110
867,WT1,RXRA_negation,0.9946449523080478,1111
511,SF1,SMARCB1,0.994785242927003,1112
1131,RELA_negation,RXRA_negation,0.9958523534572387,1113
853,WT1,ZNF76,0.9958528237148623,1114
984,ATF2_negation,WWTR1_negation,0.9958595063269853,1115
587,SMARCB1,TP63,0.9960318106136552,1116
1130,NFKB1_negation,ZBTB2_negation,0.9960318106136552,1117
553,SMAD3,TP63,0.9967055851858635,1118
207,ERCC2,ZNF76,0.9972924978834633,1119
1125,NFKB1_negation,SPI1_negation,0.9973884120133857,1120
819,TP63,SPI1_negation,0.9975163891195469,1121
1000,BCL6_negation,TWIST2_negation,0.9975163891195469,1122
1129,NFKB1_negation,WWTR1_negation,0.9975163891195469,1123
865,WT1,NFKB1_negation,0.9975163891195469,1124
523,SF1,ZNF76,0.9977597944092353,1125
816,TP63,RXRA_negation,0.9979275662452086,1126
1142,RXRA_negation,SPI1_negation,0.9980798974707151,1127
977,ATF2_negation,RXRA_negation,0.9981812764197324,1128
646,SOX17,WWTR1_negation,0.998336509553515,1129
981,ATF2_negation,TWIST2_negation,0.998336509553515,1130
936,ZNF76,RXRA_negation,0.9985133714556805,1131
292,FOS,ZNF76,0.9988068787481459,1132
592,SMARCB1,ZNF76,0.9988068787481459,1133
804,TP63,ATF2_negation,0.9988068787481459,1134
1147,RXRA_negation,ZBTB2_negation,0.99893325061714,1135
1126,NFKB1_negation,TWIST2_negation,0.9989810825231106,1136
595,SMARCB1,BCL6_negation,0.9991160425878545,1137
345,HOXA7,NFKB1_negation,0.9991476978929185,1138
510,SF1,SMAD3,0.9991972938245837,1139
802,TP63,ZNF76,0.9993476367845062,1140
320,HOXA7,SMAD3,0.9994966035675545,1141
604,SMARCB1,NFKB1_negation,0.9995036321698165,1142
547,SMAD3,SOX17,0.999569095814368,1143
627,SOX17,ATF2_negation,0.9996543071454698,1144
822,TP63,WT1_negation,0.9996576958458736,1145
617,SOX17,STAT6,0.9996576958458736,1146
824,TP63,ZBTB2_negation,0.9996760588811351,1147
814,TP63,NFKB1_negation,0.999760404772104,1148
713,STAT6,TP63,0.9997607538964463,1149
25,CEBPE,ZNF76,0.9997927824112887,1150
196,ERCC2,SOX17,0.9998128441081515,1151
558,SMAD3,ZNF76,0.9998346302464843,1152
944,ZNF76,ZBTB2_negation,0.9998346302464843,1153
594,SMARCB1,ATF2_negation,0.9998655239079588,1154
209,ERCC2,ATF2_negation,0.999885848958427,1155
985,ATF2_negation,ZBTB2_negation,0.9998938860534087,1156
718,STAT6,ZNF76,0.9998938860534087,1157
620,SOX17,TP63,0.9999163737407826,1158
512,SF1,SOX17,0.9999360931393523,1159
639,SOX17,RXRA_negation,0.9999832326522845,1160
924,ZNF76,ATF2_negation,0.9999872611927142,1161
625,SOX17,ZNF76,0.9999873767264555,1162
580,SMAD3,ZBTB2_negation,0.9999946187656272,1163
68,CREM,USF2,1.0,1164
216,ERCC2,ERG_negation,1.0,1165
609,SMARCB1,SPI1_negation,1.0,1166
239,ESR2,SOX17,1.0,1167
674,SPI1,SPI1_negation,1.0,1168
1161,SPI1_negation,TWIST2_negation,1.0,1169
268,ESR2,TWIST2_negation,1.0,1170
286,FOS,TP53,1.0,1171
573,SMAD3,SMAD3_negation,1.0,1172
873,WT1,WT1_negation,1.0,1173
938,ZNF76,SP1_negation,1.0,1174
238,ESR2,SMARCB1,1.0,1175
530,SF1,CREB3_negation,1.0,1176
